ID,Seed-1,,,,,,,,,,
1,"2d,2-d",,,,,,,,,,
2,3d,,,,,,,,,,
3,4d,,,,,,,,,,
4,a*,,,,,,,,,,
5,abductive,,,,,,,,,,
6,abelian,,,,,,,,,,
7,ability,,,,,,,,,,
8,abnormal,,,,,,,,,,
9,absolute,,,,,,,,,,
10,"abstain,abstaining",,,,,,,,,,
11,"abstract,abstraction,abstractions,abstractive",,,,,,,,,,
12,"acceleration,accelerated,accelerate,accelerating,accelerator,accelerators",,,,,,,,,,
13,"access,accessibility",,,,,,,,,,
14,accumulation,,,,,,,,,,
15,accuracy,,,,,,,,,,
16,acid,,,,,,,,,,
17,"acoustic,acoustics",,,,,,,,,,
18,acquisition,,,,,,,,,,
19,across,,,,,,,,,,
20,"action,actions",,,,,,,,,,
21,"activation,activated,activations,active,activity",,,,,,,,,,
22,actor,,,,,,,,,,
23,acyclic,,,,,,,,,,
24,adam,,,,,,,,,,
25,"adaptive,adaptation,adapter,adaption,adaptivity,ada-",,,,,,,,,,
26,"additive,additional",,,,,,,,,,
27,addressing,,,,,,,,,,
28,"adjacency,adjacent",,,,,,,,,,
29,adjoint,,,,,,,,,,
30,"adjustment,ajustment",,,,,,,,,,
31,advantage,,,,,,,,,,
32,advection,,,,,,,,,,
33,"adversarial,adversarially,adversary,adverse,adverserial",,,,,,,,,,
34,advertising,,,,,,,,,,
35,advice,,,,,,,,,,
36,aerial,,,,,,,,,,
37,"aesthetic,aesthetics",,,,,,,,,,
38,"affect,affective",,,,,,,,,,
39,"affine,affinity",,,,,,,,,,
40,affirmative,,,,,,,,,,
41,"affordance,affordances",,,,,,,,,,
42,african,,,,,,,,,,
43,against,,,,,,,,,,
44,"age,aging",,,,,,,,,,
45,"agent,agents",,,,,,,,,,
46,aggregation,,,,,,,,,,
47,agnostic,,,,,,,,,,
48,agreement,,,,,,,,,,
49,airline,,,,,,,,,,
50,aixscience,,,,,,,,,,
51,aleatoric,,,,,,,,,,
52,algebra,,,,,,,,,,
53,"algebraic,algebras",,,,,,,,,,
54,"algorithm,algorithms,algorithmic",,,,,,,,,,
55,"alias,aliasing",,,,,,,,,,
56,"alignment,aligned,alignement,alignments",,,,,,,,,,
57,allele,,,,,,,,,,
58,allocation,,,,,,,,,,
59,alone,,,,,,,,,,
60,alpha,,,,,,,,,,
61,alphago,,,,,,,,,,
62,"alternating,alternative,alternatives",,,,,,,,,,
63,altruistic,,,,,,,,,,
64,always-on,,,,,,,,,,
65,alzheimer,,,,,,,,,,
66,amalgamation,,,,,,,,,,
67,ambiguity,,,,,,,,,,
68,american,,,,,,,,,,
69,amharic,,,,,,,,,,
70,amino,,,,,,,,,,
71,"amodal,amortised,amortization,amortized",,,,,,,,,,
72,ampere,,,,,,,,,,
73,amplification,,,,,,,,,,
74,"analog,analogical,analogy",,,,,,,,,,
75,"analysis,analyses,analytic,analytical,analytics,analyzing",,,,,,,,,,
76,anaphoric,,,,,,,,,,
77,anchor,,,,,,,,,,
78,anderson,,,,,,,,,,
79,angle,,,,,,,,,,
80,angular,,,,,,,,,,
81,animal,,,,,,,,,,
82,animation,,,,,,,,,,
83,anisotropic,,,,,,,,,,
84,"annealed,annealing",,,,,,,,,,
85,"annotation,annotations",,,,,,,,,,
86,"anomaly,anomalous,anonymous",,,,,,,,,,
87,anova,,,,,,,,,,
88,"answer,answering,answerability",,,,,,,,,,
89,"anti,anti-",,,,,,,,,,
90,antibody,,,,,,,,,,
91,antithetic,,,,,,,,,,
92,antonymy,,,,,,,,,,
93,anytime,,,,,,,,,,
94,appearance,,,,,,,,,,
95,"application,applications,appliance,applied",,,,,,,,,,
96,apprenticeship,,,,,,,,,,
97,"approach,approaches",,,,,,,,,,
98,"approximate,approximation,approximability,approximated,approximately,approximating,approximations,approximator,approximators,aproximatimation",,,,,,,,,,
99,arcade,,,,,,,,,,
100,"architecture,architectures",,,,,,,,,,
101,areal,,,,,,,,,,
102,arena,,,,,,,,,,
103,argument,,,,,,,,,,
104,arithmetic,,,,,,,,,,
105,armed,,,,,,,,,,
106,arrangement,,,,,,,,,,
107,arrow,,,,,,,,,,
108,"art,artefact",,,,,,,,,,
109,"artifact,artifacts",,,,,,,,,,
110,artificial,,,,,,,,,,
111,artistic,,,,,,,,,,
112,ascent,,,,,,,,,,
113,asking,,,,,,,,,,
114,aspect,,,,,,,,,,
115,assay,,,,,,,,,,
116,"assemblies,assembly",,,,,,,,,,
117,assessment,,,,,,,,,,
118,asset,,,,,,,,,,
119,assignment,,,,,,,,,,
120,"assistance,assisted",,,,,,,,,,
121,"associated,associating,association,associative",,,,,,,,,,
122,assumption,,,,,,,,,,
123,astronomy,,,,,,,,,,
124,asymmetric,,,,,,,,,,
125,"asymptotic,asymptotics",,,,,,,,,,
126,asynchronous,,,,,,,,,,
127,atari,,,,,,,,,,
128,atomic,,,,,,,,,,
129,"attack,attacks,attackers,attacking",,,,,,,,,,
130,"attention,attentional,attentive",,,,,,,,,,
131,attractor,,,,,,,,,,
132,"attribute,attribution,attributed,attributes,attributions",,,,,,,,,,
133,atypical,,,,,,,,,,
134,auc,,,,,,,,,,
135,auction,,,,,,,,,,
136,audio,,,,,,,,,,
137,"auditing,auditory",,,,,,,,,,
138,"augmented,augmentation,augment,augmentations",,,,,,,,,,
139,"auto,automated,automatic,automation",,,,,,,,,,
140,autograd,,,,,,,,,,
141,"automata,automaton",,,,,,,,,,
142,autonomous,,,,,,,,,,
143,"autoregressive,auto-regressive",,,,,,,,,,
144,auxiliary,,,,,,,,,,
145,availability,,,,,,,,,,
146,"averaging,average",,,,,,,,,,
147,"averse,aversarial",,,,,,,,,,
148,avoid,,,,,,,,,,
149,"aware,awareness",,,,,,,,,,
150,"back,backward",,,,,,,,,,
151,backbone,,,,,,,,,,
152,backdoor,,,,,,,,,,
153,background,,,,,,,,,,
154,"backpropagation,back propagation,backprop,back-propagation",,,,,,,,,,
155,backtracking,,,,,,,,,,
156,"bag,bagging",,,,,,,,,,
157,"balance,balanced,balancing",,,,,,,,,,
158,baldwin,,,,,,,,,,
159,"ball,balls",,,,,,,,,,
160,banach,,,,,,,,,,
161,"bandit,bandits",,,,,,,,,,
162,bandpass,,,,,,,,,,
163,bandwidth,,,,,,,,,,
164,barely,,,,,,,,,,
165,barrier,,,,,,,,,,
166,"barycenter,barycenters",,,,,,,,,,
167,baseline,,,,,,,,,,
168,"basis,bases",,,,,,,,,,
169,"batch,bacth,batched,batching",,,,,,,,,,
170,"bayes,bayesian,baysian",,,,,,,,,,
171,before,,,,,,,,,,
172,"behavior,behavioral,behaviour",,,,,,,,,,
173,belief,,,,,,,,,,
174,bellman,,,,,,,,,,
175,benchmark,,,,,,,,,,
176,benefits,,,,,,,,,,
177,benign,,,,,,,,,,
178,bert,,,,,,,,,,
179,besov,,,,,,,,,,
180,bethe,,,,,,,,,,
181,better,,,,,,,,,,
182,beyond,,,,,,,,,,
183,"bi,binary,binarization,binarized",,,,,,,,,,
184,"bias,biased,biases",,,,,,,,,,
185,binaural,,,,,,,,,,
186,bingham,,,,,,,,,,
187,binning,,,,,,,,,,
188,binomial,,,,,,,,,,
189,"biology,biological,biologically",,,,,,,,,,
190,bird,,,,,,,,,,
191,birkhoff,,,,,,,,,,
192,birthday,,,,,,,,,,
193,bisimulation,,,,,,,,,,
194,"bit,bits,bitwise",,,,,,,,,,
195,black,,,,,,,,,,
196,blackwell,,,,,,,,,,
197,blaschke,,,,,,,,,,
198,"blind,binding",,,,,,,,,,
199,"block,blocks,blockwise",,,,,,,,,,
200,bloom,,,,,,,,,,
201,board,,,,,,,,,,
202,bochner¡¯s,,,,,,,,,,
203,boltzmann,,,,,,,,,,
204,bonus,,,,,,,,,,
205,boolean,,,,,,,,,,
206,"boosting,boosted",,,,,,,,,,
207,"bootstrap,bootstrapped,bootstrapping",,,,,,,,,,
208,"bottleneck,bottom",,,,,,,,,,
209,"bound,bounds,boundaries,boundary,bounded,bounding",,,,,,,,,,
210,box,,,,,,,,,,
211,brain,,,,,,,,,,
212,"branch,branching",,,,,,,,,,
213,bread,,,,,,,,,,
214,breakdown,,,,,,,,,,
215,breaking,,,,,,,,,,
216,bregman,,,,,,,,,,
217,bridge,,,,,,,,,,
218,broadcasting,,,,,,,,,,
219,brownian,,,,,,,,,,
220,"budget,budgeted",,,,,,,,,,
221,buffer,,,,,,,,,,
222,buffet,,,,,,,,,,
223,building,,,,,,,,,,
224,bundle,,,,,,,,,,
225,burst,,,,,,,,,,
226,butterfly,,,,,,,,,,
227,byzantine,,,,,,,,,,
228,cache,,,,,,,,,,
229,cad,,,,,,,,,,
230,caenorhabditis,,,,,,,,,,
231,calcium,,,,,,,,,,
232,"calculation,calculations",,,,,,,,,,
233,calculus,,,,,,,,,,
234,calibration,,,,,,,,,,
235,calling,,,,,,,,,,
236,camera,,,,,,,,,,
237,cancer,,,,,,,,,,
238,"candidate,candidates",,,,,,,,,,
239,"canonical,canonicalization",,,,,,,,,,
240,canvas,,,,,,,,,,
241,"capacity,capacitated",,,,,,,,,,
242,capsule,,,,,,,,,,
243,captcha,,,,,,,,,,
244,"caption,captioning",,,,,,,,,,
245,capture,,,,,,,,,,
246,carbon,,,,,,,,,,
247,cardiac,,,,,,,,,,
248,cards,,,,,,,,,,
249,"cascade,cascaded",,,,,,,,,,
250,"catastrophic,catatrophic",,,,,,,,,,
251,"category,categorial,categorical,categorization",,,,,,,,,,
252,cauchy,,,,,,,,,,
253,"causal,casual,cause,causality",,,,,,,,,,
254,cautious,,,,,,,,,,
255,"cell,cells",,,,,,,,,,
256,cellular,,,,,,,,,,
257,censoring,,,,,,,,,,
258,"center,centered,central,centralised,centralized,centric",,,,,,,,,,
259,centroid,,,,,,,,,,
260,certainty,,,,,,,,,,
261,"certified,certification,certfied,certifiable,certificate,certificated,certificates",,,,,,,,,,
262,"chain,chains,chaining",,,,,,,,,,
263,challenge,,,,,,,,,,
264,chance,,,,,,,,,,
265,"change,changing",,,,,,,,,,
266,changepoint,,,,,,,,,,
267,"channel,channels",,,,,,,,,,
268,chaos,,,,,,,,,,
269,chapter,,,,,,,,,,
270,"characteristics,character,characterization",,,,,,,,,,
271,"chart,charted,charting",,,,,,,,,,
272,chebyshev,,,,,,,,,,
273,check,,,,,,,,,,
274,checkerboard,,,,,,,,,,
275,checklist,,,,,,,,,,
276,"checkpoint,checkpointing",,,,,,,,,,
277,"chemistry,chemical",,,,,,,,,,
278,chest,,,,,,,,,,
279,"china,chinese",,,,,,,,,,
280,choice,,,,,,,,,,
281,chromatin,,,,,,,,,,
282,chunking,,,,,,,,,,
283,cifar,,,,,,,,,,
284,"circuit,circuits",,,,,,,,,,
285,"circulant,circular",,,,,,,,,,
286,"class,classes",,,,,,,,,,
287,classical,,,,,,,,,,
288,"classification,claassification,classiciation,classificaion,classificaiton,classifications",,,,,,,,,,
289,"classifier,classifiers,clasifier",,,,,,,,,,
290,"clean,cleansing",,,,,,,,,,
291,click,,,,,,,,,,
292,"client,clients",,,,,,,,,,
293,climate,,,,,,,,,,
294,clinical,,,,,,,,,,
295,"clip,clipping",,,,,,,,,,
296,cloning,,,,,,,,,,
297,clopper,,,,,,,,,,
298,"closed,closure",,,,,,,,,,
299,"cloud,clouds",,,,,,,,,,
300,"clustering,cluster,clustered,clusters,custering",,,,,,,,,,
301,coalitional,,,,,,,,,,
302,"coarse,coarsening",,,,,,,,,,
303,"code,coding,codecs,codes",,,,,,,,,,
304,"cognitive,cognition,cognitively",,,,,,,,,,
305,"cohen,coherence,coherent",,,,,,,,,,
306,"collaboration,collaborative",,,,,,,,,,
307,"collapse,collapses",,,,,,,,,,
308,"collecting,collection,collective",,,,,,,,,,
309,collocation,,,,,,,,,,
310,"color,colored,coloring,colorization,colour",,,,,,,,,,
311,colorectal,,,,,,,,,,
312,column,,,,,,,,,,
313,"combinatorial,combination,combinational,combinations,combining",,,,,,,,,,
314,comments,,,,,,,,,,
315,"commerce,commercial",,,,,,,,,,
316,committor,,,,,,,,,,
317,common,,,,,,,,,,
318,"communication,communicate",,,,,,,,,,
319,"community,communities",,,,,,,,,,
320,"compact,compaction,compactness,compatibility,compatible",,,,,,,,,,
321,"compare,comparative,comparing,comparison,comparisons",,,,,,,,,,
322,"competition,competitive",,,,,,,,,,
323,"compilation,compiler",,,,,,,,,,
324,complementary,,,,,,,,,,
325,"completion,complete,completeness,completing",,,,,,,,,,
326,"complex,complexity,complexes",,,,,,,,,,
327,complicated,,,,,,,,,,
328,"component,components",,,,,,,,,,
329,composing,,,,,,,,,,
330,"composition,compositional,composite,compositionality",,,,,,,,,,
331,compound,,,,,,,,,,
332,comprehension,,,,,,,,,,
333,"compression,compressed,compressing,compressive,compressor",,,,,,,,,,
334,"computer,computing,computation,computational,compositions,computationally,computations,compute,computers,compution",,,,,,,,,,
335,"concatenated,concatenation",,,,,,,,,,
336,"concave,concavity",,,,,,,,,,
337,concentration,,,,,,,,,,
338,"concept,conceptual,concepts",,,,,,,,,,
339,condensation,,,,,,,,,,
340,"conditional,condition,conditioned,conditioning,conditions",,,,,,,,,,
341,conductance,,,,,,,,,,
342,confederated,,,,,,,,,,
343,"confidence,confident",,,,,,,,,,
344,configuration,,,,,,,,,,
345,confirmation,,,,,,,,,,
346,"conflict,conflicting",,,,,,,,,,
347,"conformal,conformation",,,,,,,,,,
348,"confounder,confounding",,,,,,,,,,
349,confusion,,,,,,,,,,
350,congestion,,,,,,,,,,
351,conjugate,,,,,,,,,,
352,"connection,connections,connected,connectionist,connectivity",,,,,,,,,,
353,conquer,,,,,,,,,,
354,conscious,,,,,,,,,,
355,consensus,,,,,,,,,,
356,conservation,,,,,,,,,,
357,"consideration,considerations",,,,,,,,,,
358,"consistency,consistent",,,,,,,,,,
359,"constant,constants",,,,,,,,,,
360,constellation,,,,,,,,,,
361,"constituency,constituents,constitutional",,,,,,,,,,
362,"constraint,constraints,constrained,constrain",,,,,,,,,,
363,construction,,,,,,,,,,
364,"consumer,consumption",,,,,,,,,,
365,contact,,,,,,,,,,
366,contagion,,,,,,,,,,
367,contained,,,,,,,,,,
368,contamination,,,,,,,,,,
369,content,,,,,,,,,,
370,"context,contextual,contextualized",,,,,,,,,,
371,contingency,,,,,,,,,,
372,"continuous,continual,continuation,continuity",,,,,,,,,,
373,contour,,,,,,,,,,
374,"contract,contraction",,,,,,,,,,
375,contrastive,,,,,,,,,,
376,"contribution,contributive",,,,,,,,,,
377,"control,controlled,controllable,controller,controlling",,,,,,,,,,
378,contructionist,,,,,,,,,,
379,convergence,,,,,,,,,,
380,"conversation,conversational,conversations,conversion",,,,,,,,,,
381,convex,,,,,,,,,,
382,"convnet,convnets",,,,,,,,,,
383,"convolution,convolutions,convolutional",,,,,,,,,,
384,"cooperative,cooperation,co-",,,,,,,,,,
385,"coordinate,coordination,coordinated,coordinates",,,,,,,,,,
386,copositive,,,,,,,,,,
387,copula,,,,,,,,,,
388,copying,,,,,,,,,,
389,coreference,,,,,,,,,,
390,corpus,,,,,,,,,,
391,"correction,correct,correcting,corrections",,,,,,,,,,
392,"correlation,correation,correlated,correlations",,,,,,,,,,
393,"correspondence,correspondences",,,,,,,,,,
394,"corrupted,corruption,corruptions",,,,,,,,,,
395,"cortex,cortical",,,,,,,,,,
396,cosine,,,,,,,,,,
397,cost,,,,,,,,,,
398,"count,counting,counter",,,,,,,,,,
399,counterfactual,,,,,,,,,,
400,counterintuitive,,,,,,,,,,
401,"coupled,coupling",,,,,,,,,,
402,"cover,coverage",,,,,,,,,,
403,"covid,covid-19",,,,,,,,,,
404,cramer,,,,,,,,,,
405,crash,,,,,,,,,,
406,credit,,,,,,,,,,
407,"criteria,criterion",,,,,,,,,,
408,"critic,critical,criticality",,,,,,,,,,
409,"cropping,crops",,,,,,,,,,
410,"cross,crossing",,,,,,,,,,
411,"crowding,crowds",,,,,,,,,,
412,cryptographic,,,,,,,,,,
413,crystallography,,,,,,,,,,
414,cubic,,,,,,,,,,
415,cultural,,,,,,,,,,
416,cumulative,,,,,,,,,,
417,curiosity,,,,,,,,,,
418,currents,,,,,,,,,,
419,curriculum,,,,,,,,,,
420,curse,,,,,,,,,,
421,"curvature,curve,curves",,,,,,,,,,
422,custom,,,,,,,,,,
423,cyber,,,,,,,,,,
424,"cycle,cycles,cyclic",,,,,,,,,,
425,daisy,,,,,,,,,,
426,darts,,,,,,,,,,
427,darwinism,,,,,,,,,,
428,data,,,,,,,,,,
429,database,,,,,,,,,,
430,"dataset,datasets,data set,data sets",,,,,,,,,,
431,"debiased,debiasing",,,,,,,,,,
432,deblurring,,,,,,,,,,
433,debugging,,,,,,,,,,
434,decay,,,,,,,,,,
435,"decent,decentralized",,,,,,,,,,
436,deceptions,,,,,,,,,,
437,decimation,,,,,,,,,,
438,decision,,,,,,,,,,
439,declarative,,,,,,,,,,
440,declipping,,,,,,,,,,
441,"decoder,decoding",,,,,,,,,,
442,"decomposition,decomposable,decompose,decomposed,decompositions",,,,,,,,,,
443,"deconvolution,deconvolutional",,,,,,,,,,
444,decoupled,,,,,,,,,,
445,decreasing,,,,,,,,,,
446,dection,,,,,,,,,,
447,deductive,,,,,,,,,,
448,deep,,,,,,,,,,
449,deepfake,,,,,,,,,,
450,deepmind,,,,,,,,,,
451,defect,,,,,,,,,,
452,"defense,defenses,defence,defences,defensive",,,,,,,,,,
453,deficiency,,,,,,,,,,
454,defined,,,,,,,,,,
455,definite,,,,,,,,,,
456,defocus,,,,,,,,,,
457,"deformable,deformation,deformed",,,,,,,,,,
458,degeneration,,,,,,,,,,
459,degradation,,,,,,,,,,
460,"degree,degrees",,,,,,,,,,
461,deictic,,,,,,,,,,
462,delaunay,,,,,,,,,,
463,"delay,delayed",,,,,,,,,,
464,delta,,,,,,,,,,
465,"demographic,demographics",,,,,,,,,,
466,"demonstration,demonstrations",,,,,,,,,,
467,dendritic,,,,,,,,,,
468,"denoise,denoising,denoised",,,,,,,,,,
469,dense,,,,,,,,,,
470,density,,,,,,,,,,
471,departure,,,,,,,,,,
472,"dependency,dependent,dependence,dependencies",,,,,,,,,,
473,deployment,,,,,,,,,,
474,"depth,depthwise",,,,,,,,,,
475,dereverberation,,,,,,,,,,
476,"derivative,derivatives",,,,,,,,,,
477,descent,,,,,,,,,,
478,"description,descriptors",,,,,,,,,,
479,"design,designed",,,,,,,,,,
480,desired,,,,,,,,,,
481,destination,,,,,,,,,,
482,detach,,,,,,,,,,
483,"detection,detectors",,,,,,,,,,
484,"determinant,determinantal,determined,deterministic",,,,,,,,,,
485,detoxification,,,,,,,,,,
486,"development,developmental",,,,,,,,,,
487,deviation,,,,,,,,,,
488,"device,devices",,,,,,,,,,
489,dexterous,,,,,,,,,,
490,"diagnosis,diagnostic,diagnostics",,,,,,,,,,
491,"diagram,diagrams",,,,,,,,,,
492,"dialog,dialogue,dialogues",,,,,,,,,,
493,dictionary,,,,,,,,,,
494,diffeomorphic,,,,,,,,,,
495,"difference,differential,differentiable,differentiation,differencing,differentiabl,differentially",,,,,,,,,,
496,difficulty,,,,,,,,,,
497,diffraction,,,,,,,,,,
498,diffusion,,,,,,,,,,
499,digital,,,,,,,,,,
500,dilated,,,,,,,,,,
501,"dilemma,dilemmas",,,,,,,,,,
502,"dimension,dimensionality,dimensional,dimensions",,,,,,,,,,
503,"directed,direct,direction,directional,directions",,,,,,,,,,
504,dirichlet,,,,,,,,,,
505,disagreement,,,,,,,,,,
506,disambiguation,,,,,,,,,,
507,disassortative,,,,,,,,,,
508,disclosure,,,,,,,,,,
509,disconnected,,,,,,,,,,
510,discontinuity,,,,,,,,,,
511,"discounted,discounting",,,,,,,,,,
512,discovery,,,,,,,,,,
513,discrepancy,,,,,,,,,,
514,"discrete,discretization",,,,,,,,,,
515,"discriminative,discrimination,discriminant,discriminator,discrimininative",,,,,,,,,,
516,disease,,,,,,,,,,
517,"disentanglement,disentangled,disentangle",,,,,,,,,,
518,disguised,,,,,,,,,,
519,"disparate,disparities,disparity",,,,,,,,,,
520,dispatching,,,,,,,,,,
521,displaced,,,,,,,,,,
522,display,,,,,,,,,,
523,dissection,,,,,,,,,,
524,"distance,distances,distant",,,,,,,,,,
525,"distillation,distill",,,,,,,,,,
526,distinct,,,,,,,,,,
527,distortion,,,,,,,,,,
528,distractors,,,,,,,,,,
529,"distributed,distribution,distributional,distributions,disributed,distributionally",,,,,,,,,,
530,dithered,,,,,,,,,,
531,"divergence,divergences",,,,,,,,,,
532,"diverse,diversity,diversi?cation",,,,,,,,,,
533,"divide,division,divisive",,,,,,,,,,
534,dna,,,,,,,,,,
535,docking,,,,,,,,,,
536,document,,,,,,,,,,
537,"domain,domains",,,,,,,,,,
538,dominance,,,,,,,,,,
539,donsker,,,,,,,,,,
540,dopaminergic,,,,,,,,,,
541,"double,doubly",,,,,,,,,,
542,downstream,,,,,,,,,,
543,drawing,,,,,,,,,,
544,drift,,,,,,,,,,
545,"drive,driving",,,,,,,,,,
546,drones,,,,,,,,,,
547,dropedge,,,,,,,,,,
548,dropout,,,,,,,,,,
549,dropping,,,,,,,,,,
550,"dual,duality,dueling",,,,,,,,,,
551,duplicity,,,,,,,,,,
552,duration,,,,,,,,,,
553,dying,,,,,,,,,,
554,"dynamic,dynamics,dynamical,dynamica",,,,,,,,,,
555,eager,,,,,,,,,,
556,early,,,,,,,,,,
557,earth,,,,,,,,,,
558,eckart,,,,,,,,,,
559,ecological,,,,,,,,,,
560,edge,,,,,,,,,,
561,"edit,editing",,,,,,,,,,
562,eeg,,,,,,,,,,
563,"effect,effects,effective",,,,,,,,,,
564,efference,,,,,,,,,,
565,"efficient,efficiency,efficacy",,,,,,,,,,
566,egocentric,,,,,,,,,,
567,eigen,,,,,,,,,,
568,"eigenvalue,eigenvalues",,,,,,,,,,
569,einstein,,,,,,,,,,
570,"elastic,elasticity",,,,,,,,,,
571,elasto,,,,,,,,,,
572,elbow,,,,,,,,,,
573,"electric,electron,electronic",,,,,,,,,,
574,electroencephalography,,,,,,,,,,
575,electrophysiology,,,,,,,,,,
576,elegans,,,,,,,,,,
577,"element,elements",,,,,,,,,,
578,eligibility,,,,,,,,,,
579,elliptic,,,,,,,,,,
580,"embedding,embeddings,embed,embedded,imbedding",,,,,,,,,,
581,embodied,,,,,,,,,,
582,"emergence,emergent,emerging",,,,,,,,,,
583,emotion,,,,,,,,,,
584,emphasis,,,,,,,,,,
585,emphatic,,,,,,,,,,
586,"empirical,empirics",,,,,,,,,,
587,"encoder,encoding,encodable,encoded,encoders,encodings",,,,,,,,,,
588,encryption,,,,,,,,,,
589,ended,,,,,,,,,,
590,end-to-end,,,,,,,,,,
591,"energy,enegy",,,,,,,,,,
592,engagement,,,,,,,,,,
593,"engineering,engine,engineered,engines",,,,,,,,,,
594,english,,,,,,,,,,
595,engram,,,,,,,,,,
596,enhancement,,,,,,,,,,
597,"ensemble,emsemble,ensembles,ensembling",,,,,,,,,,
598,entailment,,,,,,,,,,
599,entanglement,,,,,,,,,,
600,"entity,entities",,,,,,,,,,
601,"entropy,entropic",,,,,,,,,,
602,"environment,environments",,,,,,,,,,
603,epidemic,,,,,,,,,,
604,"episode,episodic",,,,,,,,,,
605,epistemic,,,,,,,,,,
606,epsilon,,,,,,,,,,
607,"equation,equations,equitable,equity",,,,,,,,,,
608,equiangular,,,,,,,,,,
609,equilibrium,,,,,,,,,,
610,"equivariance,equivariant,equivalence,equivalency,equivalent,equivariances",,,,,,,,,,
611,"error,errors,errorneous",,,,,,,,,,
612,"escape,escaping",,,,,,,,,,
613,essay,,,,,,,,,,
614,"estimator,estimation,estimate,estimates,estimators",,,,,,,,,,
615,ethics,,,,,,,,,,
616,ethology,,,,,,,,,,
617,euclidean,,,,,,,,,,
618,"euler,eulerian",,,,,,,,,,
619,evaluation,,,,,,,,,,
620,evasion,,,,,,,,,,
621,"event,events",,,,,,,,,,
622,"evidence,evidential",,,,,,,,,,
623,"evolution,evolutionary,evolving",,,,,,,,,,
624,exact,,,,,,,,,,
625,"example,examples",,,,,,,,,,
626,excess,,,,,,,,,,
627,"execute,executor,execution",,,,,,,,,,
628,exogenous,,,,,,,,,,
629,expansion,,,,,,,,,,
630,"expectation,expected,expectile",,,,,,,,,,
631,expensive,,,,,,,,,,
632,experience,,,,,,,,,,
633,"experiment,experimental,experiments",,,,,,,,,,
634,"expert,experts",,,,,,,,,,
635,"explanation,explanations,explainable,explainability,explainer,explaining,explanable,explaniable",,,,,,,,,,
636,explicit,,,,,,,,,,
637,"exploration,exploding,exploitation,exploring,explosion",,,,,,,,,,
638,"exponential,exponentiated,exponents",,,,,,,,,,
639,exposure,,,,,,,,,,
640,"expressive,expressiveness,expressivity,expression,expressions",,,,,,,,,,
641,"extensions,extensive",,,,,,,,,,
642,external,,,,,,,,,,
643,extra,,,,,,,,,,
644,"extraction,extractive",,,,,,,,,,
645,extrapolation,,,,,,,,,,
646,"extreme,extremely",,,,,,,,,,
647,extrinsic,,,,,,,,,,
648,"face,facial,facility",,,,,,,,,,
649,faceted,,,,,,,,,,
650,"factorization,factor,factored,factorial,factorisation,factorized,factors",,,,,,,,,,
651,factual,,,,,,,,,,
652,"failure,failures",,,,,,,,,,
653,"fairness,fair",,,,,,,,,,
654,fake news,,,,,,,,,,
655,false,,,,,,,,,,
656,"family,families",,,,,,,,,,
657,fano¡¯s,,,,,,,,,,
658,fashion,,,,,,,,,,
659,"fast,faster",,,,,,,,,,
660,fatigue,,,,,,,,,,
661,fault,,,,,,,,,,
662,"fbsde,fbsdes",,,,,,,,,,
663,"feature,features",,,,,,,,,,
664,federated,,,,,,,,,,
665,"feedback,feed-back",,,,,,,,,,
666,"feedforward,feed-forward",,,,,,,,,,
667,fenchel,,,,,,,,,,
668,feudal,,,,,,,,,,
669,"few,fewer",,,,,,,,,,
670,fiction,,,,,,,,,,
671,fictitious,,,,,,,,,,
672,fidelity,,,,,,,,,,
673,"field,fields",,,,,,,,,,
674,filling,,,,,,,,,,
675,"filter,filters,filtering",,,,,,,,,,
676,filtration,,,,,,,,,,
677,"finance,financial",,,,,,,,,,
678,finding,,,,,,,,,,
679,"fine grained,fine-grained",,,,,,,,,,
680,"fine-tuning,finetuning,fine tuning",,,,,,,,,,
681,fingerprinting,,,,,,,,,,
682,finite,,,,,,,,,,
683,first,,,,,,,,,,
684,firth,,,,,,,,,,
685,fisher,,,,,,,,,,
686,"fitness,fitted,fitting",,,,,,,,,,
687,fixed,,,,,,,,,,
688,"flexibility,flexible",,,,,,,,,,
689,"flip,flipping",,,,,,,,,,
690,floating,,,,,,,,,,
691,floor,,,,,,,,,,
692,"flow,flows",,,,,,,,,,
693,fluctuation,,,,,,,,,,
694,"fluid,fluids",,,,,,,,,,
695,flying,,,,,,,,,,
696,fmri,,,,,,,,,,
697,focal,,,,,,,,,,
698,focus,,,,,,,,,,
699,foggy,,,,,,,,,,
700,fokker,,,,,,,,,,
701,"folded,folding",,,,,,,,,,
702,"follow,following",,,,,,,,,,
703,football,,,,,,,,,,
704,footprint,,,,,,,,,,
705,forcing,,,,,,,,,,
706,"forecast,forecasting",,,,,,,,,,
707,foreground,,,,,,,,,,
708,forensics,,,,,,,,,,
709,foresight,,,,,,,,,,
710,"forest,forests",,,,,,,,,,
711,forgery,,,,,,,,,,
712,forgetting,,,,,,,,,,
713,"form,formal",,,,,,,,,,
714,forman,,,,,,,,,,
715,"format,formation",,,,,,,,,,
716,"formula,formulas,formulation",,,,,,,,,,
717,forward,,,,,,,,,,
718,fourier,,,,,,,,,,
719,fractional,,,,,,,,,,
720,fragment,,,,,,,,,,
721,frame,,,,,,,,,,
722,framework,,,,,,,,,,
723,fraternal,,,,,,,,,,
724,fraud,,,,,,,,,,
725,frechet,,,,,,,,,,
726,fredholm,,,,,,,,,,
727,"free,freedom",,,,,,,,,,
728,freezing,,,,,,,,,,
729,"frequency,frequencies,frequentist",,,,,,,,,,
730,fricative,,,,,,,,,,
731,friendly,,,,,,,,,,
732,frobenius,,,,,,,,,,
733,front,,,,,,,,,,
734,frontier,,,,,,,,,,
735,fruit,,,,,,,,,,
736,fully,,,,,,,,,,
737,"function,functions,functional,functionality",,,,,,,,,,
738,"fundamental,fundamentals",,,,,,,,,,
739,"fusion,fused",,,,,,,,,,
740,future,,,,,,,,,,
741,fuzzy,,,,,,,,,,
742,gambler,,,,,,,,,,
743,"game,games",,,,,,,,,,
744,gamma,,,,,,,,,,
745,gap,,,,,,,,,,
746,garbled,,,,,,,,,,
747,"gate,gated,gates,gating",,,,,,,,,,
748,gauge,,,,,,,,,,
749,"gaussian,gauss,gaussians",,,,,,,,,,
750,gender,,,,,,,,,,
751,"gene,genetic,genetics",,,,,,,,,,
752,"general,generalized,generalised,generalizable,generic",,,,,,,,,,
753,"generative,generation,generalization,generalisation,generate,generated,generatice,generating,generatioin,generator,generatvie,gerneration",,,,,,,,,,
754,"genome,genomics",,,,,,,,,,
755,geodesic,,,,,,,,,,
756,geographical,,,,,,,,,,
757,"geometric,geometry,geomtery",,,,,,,,,,
758,geospatial,,,,,,,,,,
759,gestalt,,,,,,,,,,
760,gesture,,,,,,,,,,
761,gibbs,,,,,,,,,,
762,girsanov,,,,,,,,,,
763,"glass,glassy",,,,,,,,,,
764,global,,,,,,,,,,
765,glue,,,,,,,,,,
766,glyph,,,,,,,,,,
767,"goal,goals",,,,,,,,,,
768,golf,,,,,,,,,,
769,goodness,,,,,,,,,,
770,google,,,,,,,,,,
771,gpt,,,,,,,,,,
772,gpu,,,,,,,,,,
773,"gradient,gradients,grad-",,,,,,,,,,
774,"grading,gradual",,,,,,,,,,
775,"grained,graining",,,,,,,,,,
776,"gram,grams",,,,,,,,,,
777,gramian,,,,,,,,,,
778,"grammar,grammars,grammatical",,,,,,,,,,
779,granger,,,,,,,,,,
780,granular,,,,,,,,,,
781,"graph,graphs,graphical,graphics",,,,,,,,,,
782,grasping,,,,,,,,,,
783,grassmann,,,,,,,,,,
784,greedy,,,,,,,,,,
785,green,,,,,,,,,,
786,grinding,,,,,,,,,,
787,gromov,,,,,,,,,,
788,"grounding,grounded,ground",,,,,,,,,,
789,"group,grouped,grouping,groups",,,,,,,,,,
790,"growing,growth",,,,,,,,,,
791,"guarantees,guarantee",,,,,,,,,,
792,"guidance,guided,guiding",,,,,,,,,,
793,gumbel,,,,,,,,,,
794,gyrvector,,,,,,,,,,
795,hacking,,,,,,,,,,
796,hadamard,,,,,,,,,,
797,hailtonian,,,,,,,,,,
798,"hallucination,hallucinations",,,,,,,,,,
799,halting,,,,,,,,,,
800,"hamilton,hamiltonain,hamiltonian",,,,,,,,,,
801,hamming,,,,,,,,,,
802,handling,,,,,,,,,,
803,handwriting,,,,,,,,,,
804,"hard,hardness",,,,,,,,,,
805,hardware,,,,,,,,,,
806,"harmonic,harmonics",,,,,,,,,,
807,"hash,hashing",,,,,,,,,,
808,hastings,,,,,,,,,,
809,hausdorff,,,,,,,,,,
810,hawkes,,,,,,,,,,
811,"head,heads",,,,,,,,,,
812,"health,healthcare",,,,,,,,,,
813,heavy,,,,,,,,,,
814,hebbian,,,,,,,,,,
815,hessian,,,,,,,,,,
816,"heterogeneity,heterogeneous,heterogenous",,,,,,,,,,
817,heteroscedastic,,,,,,,,,,
818,"heuristic,heuristics",,,,,,,,,,
819,"hidden,hiding",,,,,,,,,,
820,"hierarchy,hierarchical,heirarchical,hierarchal,hierarchial",,,,,,,,,,
821,"high,higher",,,,,,,,,,
822,hilbert,,,,,,,,,,
823,hindsight,,,,,,,,,,
824,hinge,,,,,,,,,,
825,histogram,,,,,,,,,,
826,histology,,,,,,,,,,
827,"historical,history",,,,,,,,,,
828,hitters,,,,,,,,,,
829,hoc,,,,,,,,,,
830,homogeneous,,,,,,,,,,
831,"homography,holography",,,,,,,,,,
832,"homology,homophily,homotopy",,,,,,,,,,
833,"homomorphic,homomorphism,homeomorphism",,,,,,,,,,
834,hopfield,,,,,,,,,,
835,"horizon,horizontal",,,,,,,,,,
836,hourglass,,,,,,,,,,
837,householder,,,,,,,,,,
838,housing,,,,,,,,,,
839,"human,humans",,,,,,,,,,
840,humanoid,,,,,,,,,,
841,hungarian,,,,,,,,,,
842,hybrid,,,,,,,,,,
843,hydrodynamics,,,,,,,,,,
844,hyper,,,,,,,,,,
845,hyperbolic,,,,,,,,,,
846,hypercubes,,,,,,,,,,
847,hypernym,,,,,,,,,,
848,"hyperplane,hyperplanes",,,,,,,,,,
849,hypothesis,,,,,,,,,,
850,hysteresis,,,,,,,,,,
851,"identification,identifiability,identifiable,identifier,identity",,,,,,,,,,
852,idioms,,,,,,,,,,
853,ignore,,,,,,,,,,
854,illuminant,,,,,,,,,,
855,illusions,,,,,,,,,,
856,imaga,,,,,,,,,,
857,"image,imaging,images",,,,,,,,,,
858,imagenet,,,,,,,,,,
859,imagery,,,,,,,,,,
860,"imaginary,imagination",,,,,,,,,,
861,"imbalance,imbalanced",,,,,,,,,,
862,"imitation,imitating",,,,,,,,,,
863,impact,,,,,,,,,,
864,impaired,,,,,,,,,,
865,impartial,,,,,,,,,,
866,imperceptible,,,,,,,,,,
867,imperfect,,,,,,,,,,
868,implementation,,,,,,,,,,
869,implicit,,,,,,,,,,
870,importance,,,,,,,,,,
871,imposition,,,,,,,,,,
872,impossibility,,,,,,,,,,
873,"improve,improved,improvement,improving",,,,,,,,,,
874,imputation,,,,,,,,,,
875,incay,,,,,,,,,,
876,inception,,,,,,,,,,
877,incidental,,,,,,,,,,
878,inclusion,,,,,,,,,,
879,incompatible,,,,,,,,,,
880,incomplete,,,,,,,,,,
881,incomprable,,,,,,,,,,
882,inconsistent,,,,,,,,,,
883,incorrect,,,,,,,,,,
884,incremental,,,,,,,,,,
885,"independence,independent",,,,,,,,,,
886,"index,indexing,indices",,,,,,,,,,
887,indian,,,,,,,,,,
888,indirect,,,,,,,,,,
889,"individual,individualised,individualized",,,,,,,,,,
890,"induction,inductive,inducing",,,,,,,,,,
891,industrial,,,,,,,,,,
892,"inequalities,inequality,inequilities",,,,,,,,,,
893,infant,,,,,,,,,,
894,"inference,inferences,inferencing,inferene,infernece,lnference",,,,,,,,,,
895,infilling,,,,,,,,,,
896,"infinite,infinitely",,,,,,,,,,
897,influence,,,,,,,,,,
898,"information,informational,informative,informativeness,informed,informatics",,,,,,,,,,
899,inherited,,,,,,,,,,
900,"inhibited,inhibitory",,,,,,,,,,
901,"initialization,initial,initialisation",,,,,,,,,,
902,"injection,injectivity",,,,,,,,,,
903,innovation,,,,,,,,,,
904,inpainting,,,,,,,,,,
905,"input,inputs",,,,,,,,,,
906,inspection,,,,,,,,,,
907,"inspiration,inspired,inspried",,,,,,,,,,
908,instability,,,,,,,,,,
909,"instance,instances",,,,,,,,,,
910,instragram,,,,,,,,,,
911,"instruction,instructional",,,,,,,,,,
912,"instrument,instrumental",,,,,,,,,,
913,integer,,,,,,,,,,
914,"integral,integrals",,,,,,,,,,
915,"integration,integrated,integrator,integrators,intergrated",,,,,,,,,,
916,integrity,,,,,,,,,,
917,intel,,,,,,,,,,
918,"intelligence,intellectual,intelligent",,,,,,,,,,
919,intensity,,,,,,,,,,
920,intent,,,,,,,,,,
921,"inter,internal,interval,intervals",,,,,,,,,,
922,"interaction,interactive,interacting,interactions",,,,,,,,,,
923,"interest,interested",,,,,,,,,,
924,"interface,interfaces",,,,,,,,,,
925,interference,,,,,,,,,,
926,interferometry,,,,,,,,,,
927,"interleaved,interleaving",,,,,,,,,,
928,intermediate,,,,,,,,,,
929,internationalization,,,,,,,,,,
930,"internet-of-things,internet of things",,,,,,,,,,
931,"interpolation,interpolating,interpolations",,,,,,,,,,
932,"interpretable,interpretation,interpretability,interpretabile,interpretations,interpreter,interpreting",,,,,,,,,,
933,intersectional,,,,,,,,,,
934,intracranial,,,,,,,,,,
935,"intrinsic,intrinsically",,,,,,,,,,
936,introspective,,,,,,,,,,
937,intrusion,,,,,,,,,,
938,"intuitive,intutive",,,,,,,,,,
939,"invariance,invariant,invariances,invariants",,,,,,,,,,
940,"inverse,inversion,inventory,inverted,invertible",,,,,,,,,,
941,investigation,,,,,,,,,,
942,invisible,,,,,,,,,,
943,invocation,,,,,,,,,,
944,irradiation,,,,,,,,,,
945,irreducible,,,,,,,,,,
946,"irregular,irregularly",,,,,,,,,,
947,isometry,,,,,,,,,,
948,"isomorphic,isomoprhism,isomorphism",,,,,,,,,,
949,isoperimetric,,,,,,,,,,
950,"issue,issues",,,,,,,,,,
951,"iterative,iteration,iterate,iterated",,,,,,,,,,
952,itinerary,,,,,,,,,,
953,jaccard,,,,,,,,,,
954,"jacobi,jacobian",,,,,,,,,,
955,james,,,,,,,,,,
956,jensen,,,,,,,,,,
957,jigsaw,,,,,,,,,,
958,johnson,,,,,,,,,,
959,"joint,joining",,,,,,,,,,
960,jumpy,,,,,,,,,,
961,"justification,justifications",,,,,,,,,,
962,kalman,,,,,,,,,,
963,"kernel,kernels",,,,,,,,,,
964,keypoint,,,,,,,,,,
965,keyword,,,,,,,,,,
966,kinematics,,,,,,,,,,
967,kinodynamic,,,,,,,,,,
968,k-mers,,,,,,,,,,
969,knockoff,,,,,,,,,,
970,knowledge,,,,,,,,,,
971,kolmogorov,,,,,,,,,,
972,koopman,,,,,,,,,,
973,kronecker,,,,,,,,,,
974,kuiper,,,,,,,,,,
975,kullback,,,,,,,,,,
976,kurdyka,,,,,,,,,,
977,"label,labels,labeling,labeled,labelling",,,,,,,,,,
978,ladmm,,,,,,,,,,
979,lagrangian,,,,,,,,,,
980,lanczos,,,,,,,,,,
981,landau,,,,,,,,,,
982,"landmark,landmarking",,,,,,,,,,
983,"landscape,landscapes",,,,,,,,,,
984,langevin,,,,,,,,,,
985,"language,languages,langugage",,,,,,,,,,
986,laplace,,,,,,,,,,
987,laplacian,,,,,,,,,,
988,"large,larger",,,,,,,,,,
989,lasso,,,,,,,,,,
990,"latent,latency",,,,,,,,,,
991,latin,,,,,,,,,,
992,"law,laws",,,,,,,,,,
993,"layer,layers,layered,layerwise",,,,,,,,,,
994,"layout,layouts",,,,,,,,,,
995,lazy,,,,,,,,,,
996,leader,,,,,,,,,,
997,"leakage,leaking,leaky",,,,,,,,,,
998,leaning,,,,,,,,,,
999,"learn,learned,learning,leaerning,leanring,learing,learining,learnable,learner,learnig,learnings,learninig,learnt,learrning",,,,,,,,,,
1000,least,,,,,,,,,,
1001,leave,,,,,,,,,,
1002,legendre,,,,,,,,,,
1003,"lehman,leman",,,,,,,,,,
1004,leibler,,,,,,,,,,
1005,lemma,,,,,,,,,,
1006,length,,,,,,,,,,
1007,letter,,,,,,,,,,
1008,level,,,,,,,,,,
1009,"lexical,lexicon,lexicase",,,,,,,,,,
1010,liapunov,,,,,,,,,,
1011,library,,,,,,,,,,
1012,lidar,,,,,,,,,,
1013,life,,,,,,,,,,
1014,lifelong,,,,,,,,,,
1015,lifetime,,,,,,,,,,
1016,lifted,,,,,,,,,,
1017,ligand,,,,,,,,,,
1018,light,,,,,,,,,,
1019,likelihood,,,,,,,,,,
1020,"limited,limit,limits",,,,,,,,,,
1021,lindenstrauss,,,,,,,,,,
1022,"linear,linearity,linearities",,,,,,,,,,
1023,"lingual,linguistic,linguistics",,,,,,,,,,
1024,"link,linkage,linking,links",,,,,,,,,,
1025,lipschitz,,,,,,,,,,
1026,"listener,listeners",,,,,,,,,,
1027,loading,,,,,,,,,,
1028,"local,localization,localisation,localist,locality,localized,locally,location",,,,,,,,,,
1029,locking,,,,,,,,,,
1030,locomotion,,,,,,,,,,
1031,"logarithmic,log-",,,,,,,,,,
1032,"logic,logical,logistic",,,,,,,,,,
1033,lojasiewicz,,,,,,,,,,
1034,long,,,,,,,,,,
1035,longitudinal,,,,,,,,,,
1036,lookahead,,,,,,,,,,
1037,lorentz,,,,,,,,,,
1038,"loss,losses,lossy",,,,,,,,,,
1039,lottery,,,,,,,,,,
1040,"low,lower",,,,,,,,,,
1041,lunch,,,,,,,,,,
1042,lyapunov,,,,,,,,,,
1043,"machine,machines",,,,,,,,,,
1044,macro,,,,,,,,,,
1045,magnetic,,,,,,,,,,
1046,magnitude,,,,,,,,,,
1047,mahalanobis,,,,,,,,,,
1048,mahjong,,,,,,,,,,
1049,maintenance,,,,,,,,,,
1050,majorization,,,,,,,,,,
1051,making,,,,,,,,,,
1052,malicious,,,,,,,,,,
1053,management,,,,,,,,,,
1054,"manifold,manifolds",,,,,,,,,,
1055,"manipulation,manipulations,manipulator",,,,,,,,,,
1056,manner,,,,,,,,,,
1057,manual,,,,,,,,,,
1058,manufacturing,,,,,,,,,,
1059,"map,maps,mapping,mappings",,,,,,,,,,
1060,"margin,marginal,marginalized",,,,,,,,,,
1061,marked,,,,,,,,,,
1062,"market,markets",,,,,,,,,,
1063,"markov,markovian",,,,,,,,,,
1064,"masked,masking,masks,mask",,,,,,,,,,
1065,"mass,massively",,,,,,,,,,
1066,"matching,match",,,,,,,,,,
1067,"material,materials",,,,,,,,,,
1068,"mathematical,mathematics,math",,,,,,,,,,
1069,"matrix,matrices",,,,,,,,,,
1070,matter,,,,,,,,,,
1071,matthew,,,,,,,,,,
1072,"maximum,maximization,maximal,maximisation",,,,,,,,,,
1073,maxout,,,,,,,,,,
1074,mckean,,,,,,,,,,
1075,mcmc,,,,,,,,,,
1076,mean,,,,,,,,,,
1077,"meaning,meaningful,means",,,,,,,,,,
1078,"measure,measures,measurable,measurement,measurements",,,,,,,,,,
1079,"mechanism,mechanisms,mechanical,mechanics",,,,,,,,,,
1080,media,,,,,,,,,,
1081,"median,mediation",,,,,,,,,,
1082,"medical,medicine",,,,,,,,,,
1083,melody,,,,,,,,,,
1084,membership,,,,,,,,,,
1085,membrane,,,,,,,,,,
1086,"memory,memorization,memorability,memories",,,,,,,,,,
1087,mental,,,,,,,,,,
1088,mention,,,,,,,,,,
1089,mercer,,,,,,,,,,
1090,"merge,merging",,,,,,,,,,
1091,meromorphic,,,,,,,,,,
1092,mesh,,,,,,,,,,
1093,message,,,,,,,,,,
1094,meta,,,,,,,,,,
1095,metal,,,,,,,,,,
1096,"method,methods,methodology,methodologies",,,,,,,,,,
1097,"metric,metrics",,,,,,,,,,
1098,metropolis,,,,,,,,,,
1099,micro,,,,,,,,,,
1100,"microscope,microscopy",,,,,,,,,,
1101,"minimum,minimization,minima,minimal,minimisation,minimized,minimizing",,,,,,,,,,
1102,mining,,,,,,,,,,
1103,mirror,,,,,,,,,,
1104,misalignment,,,,,,,,,,
1105,mises,,,,,,,,,,
1106,"missing,misssing",,,,,,,,,,
1107,misspecification,,,,,,,,,,
1108,mitigation,,,,,,,,,,
1109,"mixture,mixing,mixed,mixer,mixtures",,,,,,,,,,
1110,mixup,,,,,,,,,,
1111,mnist,,,,,,,,,,
1112,mobile,,,,,,,,,,
1113,"modal,modality",,,,,,,,,,
1114,mode,,,,,,,,,,
1115,"model,models,modeling,modelling",,,,,,,,,,
1116,modern,,,,,,,,,,
1117,"modification,modified",,,,,,,,,,
1118,"modulated,modulation",,,,,,,,,,
1119,"module,modular,modules",,,,,,,,,,
1120,modulo,,,,,,,,,,
1121,"molecule,molecules,molecular",,,,,,,,,,
1122,"moment,moments",,,,,,,,,,
1123,momentum,,,,,,,,,,
1124,monge,,,,,,,,,,
1125,monitoring,,,,,,,,,,
1126,monocular,,,,,,,,,,
1127,"monotonic,monotonicity",,,,,,,,,,
1128,"monte carlo,monte,carlo,monte-carlo",,,,,,,,,,
1129,moore,,,,,,,,,,
1130,more,,,,,,,,,,
1131,"morphing,morphism,morphologic,morphology",,,,,,,,,,
1132,morse,,,,,,,,,,
1133,"motif,motifs",,,,,,,,,,
1134,motion,,,,,,,,,,
1135,"motivated,motivation,motivations",,,,,,,,,,
1136,motor,,,,,,,,,,
1137,"mover,moving,movitation",,,,,,,,,,
1138,mri,,,,,,,,,,
1139,"multi,multiple",,,,,,,,,,
1140,multicut,,,,,,,,,,
1141,multigrid,,,,,,,,,,
1142,multihop,,,,,,,,,,
1143,multinomial,,,,,,,,,,
1144,multiplex,,,,,,,,,,
1145,"multiplication,multiplicative",,,,,,,,,,
1146,"music,musical",,,,,,,,,,
1147,mutations,,,,,,,,,,
1148,mutex,,,,,,,,,,
1149,mutual,,,,,,,,,,
1150,myopic,,,,,,,,,,
1151,nabla,,,,,,,,,,
1152,nadaraya,,,,,,,,,,
1153,"named,names,naming",,,,,,,,,,
1154,"narrative,narrow",,,,,,,,,,
1155,nash,,,,,,,,,,
1156,native,,,,,,,,,,
1157,natural,,,,,,,,,,
1158,navier,,,,,,,,,,
1159,"navigation,navigating,negatives",,,,,,,,,,
1160,"nearest,nearly,nearness,nearst",,,,,,,,,,
1161,"negative,negation",,,,,,,,,,
1162,"neighbor,neighborhood,neighbors",,,,,,,,,,
1163,nerve,,,,,,,,,,
1164,nested,,,,,,,,,,
1165,nesterov,,,,,,,,,,
1166,"network,networks,net,nets,networked,neworks",,,,,,,,,,
1167,neumann,,,,,,,,,,
1168,"neural,neuro,nerual,neurals,neuran,neuron,neuronal,neurons",,,,,,,,,,
1169,neuromorphic,,,,,,,,,,
1170,neuroscience,,,,,,,,,,
1171,newton,,,,,,,,,,
1172,"ngram,n-gram,n-grams",,,,,,,,,,
1173,niche,,,,,,,,,,
1174,"node,nodes",,,,,,,,,,
1175,"noise,noisy",,,,,,,,,,
1176,nominal,,,,,,,,,,
1177,non,,,,,,,,,,
1178,nonconcave,,,,,,,,,,
1179,nonuniform,,,,,,,,,,
1180,"normalized,normalization,normalizing,normal,normailzing,normalising,normality,normalize,norm,normative,norms",,,,,,,,,,
1181,notation,,,,,,,,,,
1182,"notices,notifications",,,,,,,,,,
1183,"novel,novelty",,,,,,,,,,
1184,nuclear,,,,,,,,,,
1185,nuisance,,,,,,,,,,
1186,"number,numbers,numeral,numerical,numerics",,,,,,,,,,
1187,"nystrom,nystr?m",,,,,,,,,,
1188,"obfuscation,obfuscator",,,,,,,,,,
1189,"object,objects,objective,objectives",,,,,,,,,,
1190,objectivization,,,,,,,,,,
1191,oblique,,,,,,,,,,
1192,"observation,observability,observable,observational,observations,observed,observer",,,,,,,,,,
1193,occlusion,,,,,,,,,,
1194,octave,,,,,,,,,,
1195,ocular,,,,,,,,,,
1196,odometry,,,,,,,,,,
1197,offer,,,,,,,,,,
1198,offline,,,,,,,,,,
1199,off-policy,,,,,,,,,,
1200,offset,,,,,,,,,,
1201,ojasiewicz,,,,,,,,,,
1202,ollivier,,,,,,,,,,
1203,omics,,,,,,,,,,
1204,omnidirectional,,,,,,,,,,
1205,oncology,,,,,,,,,,
1206,online,,,,,,,,,,
1207,ontology,,,,,,,,,,
1208,"open,openness",,,,,,,,,,
1209,openai,,,,,,,,,,
1210,"operator,operators,operation,operations",,,,,,,,,,
1211,opponent,,,,,,,,,,
1212,"optical,optics",,,,,,,,,,
1213,"optimal,optimization,optimizer,optimisation,optimality,optimizers,optimize,optimized,optimzation,optmization,optima",,,,,,,,,,
1214,optimistic,,,,,,,,,,
1215,option,,,,,,,,,,
1216,"oracle,oracles",,,,,,,,,,
1217,orchestration,,,,,,,,,,
1218,"order,ordered,ordering,ordinal",,,,,,,,,,
1219,ordinary,,,,,,,,,,
1220,ordination,,,,,,,,,,
1221,"organization,organizing",,,,,,,,,,
1222,"orientation,oriented",,,,,,,,,,
1223,orienteering,,,,,,,,,,
1224,origin,,,,,,,,,,
1225,ornstein,,,,,,,,,,
1226,"orthogonal,orthogonality",,,,,,,,,,
1227,oscillated,,,,,,,,,,
1228,outlier,,,,,,,,,,
1229,"output,outputs",,,,,,,,,,
1230,over,,,,,,,,,,
1231,overcoming,,,,,,,,,,
1232,"overlap,overlapness",,,,,,,,,,
1233,ownership,,,,,,,,,,
1234,pac,,,,,,,,,,
1235,paced,,,,,,,,,,
1236,package,,,,,,,,,,
1237,"packet,packets",,,,,,,,,,
1238,packing,,,,,,,,,,
1239,pagerank,,,,,,,,,,
1240,pages,,,,,,,,,,
1241,painting,,,,,,,,,,
1242,"paired,pairs,pairwise",,,,,,,,,,
1243,pancreas,,,,,,,,,,
1244,panoptic,,,,,,,,,,
1245,"paper,papers",,,,,,,,,,
1246,paradigm,,,,,,,,,,
1247,paradox,,,,,,,,,,
1248,paragraph,,,,,,,,,,
1249,"parallel,parallelism,parallelized",,,,,,,,,,
1250,"parameter,parametric,parametrics,parameterization,parameterized,parameters,parametrization,parametrized,paramter",,,,,,,,,,
1251,paraphrase,,,,,,,,,,
1252,parasiamese,,,,,,,,,,
1253,paraunitary,,,,,,,,,,
1254,parent,,,,,,,,,,
1255,pareto,,,,,,,,,,
1256,parity,,,,,,,,,,
1257,parkinson,,,,,,,,,,
1258,parsimonious,,,,,,,,,,
1259,parsing,,,,,,,,,,
1260,"part,partial,partially",,,,,,,,,,
1261,participation,,,,,,,,,,
1262,"partition,partitioning",,,,,,,,,,
1263,"party,particle",,,,,,,,,,
1264,passing,,,,,,,,,,
1265,"patch,patches",,,,,,,,,,
1266,"path,paths",,,,,,,,,,
1267,pathology,,,,,,,,,,
1268,pathway,,,,,,,,,,
1269,patient,,,,,,,,,,
1270,"pattern,patterns",,,,,,,,,,
1271,pearson,,,,,,,,,,
1272,"penalty,penalization,penalized,penalties",,,,,,,,,,
1273,"perception,perceptual,perceptron,perceptrons,perceptually",,,,,,,,,,
1274,percolation,,,,,,,,,,
1275,"performance,perforamnce,permanence",,,,,,,,,,
1276,"period,periodically,periods",,,,,,,,,,
1277,periodic,,,,,,,,,,
1278,peripheral,,,,,,,,,,
1279,permutation,,,,,,,,,,
1280,peroredical,,,,,,,,,,
1281,"persistence,persistent",,,,,,,,,,
1282,personality,,,,,,,,,,
1283,"personalized,person,personalization",,,,,,,,,,
1284,perspective,,,,,,,,,,
1285,"perturbation,perturbations,peturbation",,,,,,,,,,
1286,pessimistic,,,,,,,,,,
1287,peter,,,,,,,,,,
1288,phase,,,,,,,,,,
1289,"phenomena,phenomenon",,,,,,,,,,
1290,phoneme,,,,,,,,,,
1291,phones,,,,,,,,,,
1292,"photo,photography",,,,,,,,,,
1293,photonics,,,,,,,,,,
1294,"phrase,phrasal",,,,,,,,,,
1295,phylogenetic,,,,,,,,,,
1296,"physics,physical",,,,,,,,,,
1297,"physiological,physiology",,,,,,,,,,
1298,piano,,,,,,,,,,
1299,"pieces,piecewise",,,,,,,,,,
1300,"pipeline,pipelined,pipelines",,,,,,,,,,
1301,pitch,,,,,,,,,,
1302,pivoting,,,,,,,,,,
1303,"pixel,pixels",,,,,,,,,,
1304,"place,placement",,,,,,,,,,
1305,planck,,,,,,,,,,
1306,plane,,,,,,,,,,
1307,plank,,,,,,,,,,
1308,"plan,planning",,,,,,,,,,
1309,plasticity,,,,,,,,,,
1310,"platform,platforms",,,,,,,,,,
1311,"plausible,plausibility",,,,,,,,,,
1312,"play,player",,,,,,,,,,
1313,plurality,,,,,,,,,,
1314,"poincare,poincar¨¦",,,,,,,,,,
1315,"point,points,pointwise",,,,,,,,,,
1316,pointer,,,,,,,,,,
1317,pointgoal,,,,,,,,,,
1318,"poisoning,poisson",,,,,,,,,,
1319,poker,,,,,,,,,,
1320,"polar,polarized",,,,,,,,,,
1321,"policy,policies,political",,,,,,,,,,
1322,polish,,,,,,,,,,
1323,polyak,,,,,,,,,,
1324,polyglot,,,,,,,,,,
1325,polylogarithmic,,,,,,,,,,
1326,polymer,,,,,,,,,,
1327,"polynomial,polynomials",,,,,,,,,,
1328,polyphonic,,,,,,,,,,
1329,pomdps,,,,,,,,,,
1330,pooling,,,,,,,,,,
1331,population,,,,,,,,,,
1332,porous,,,,,,,,,,
1333,portfolio,,,,,,,,,,
1334,"position,positional,positioning",,,,,,,,,,
1335,"positive,positively,positives",,,,,,,,,,
1336,"posterior,posteriors",,,,,,,,,,
1337,postural,,,,,,,,,,
1338,"potential,potentials",,,,,,,,,,
1339,potts,,,,,,,,,,
1340,power,,,,,,,,,,
1341,powerball,,,,,,,,,,
1342,"practical,practice",,,,,,,,,,
1343,precision,,,,,,,,,,
1344,preconditioned,,,,,,,,,,
1345,"prediction,predictive,predicted,predictions,predictor,predictors",,,,,,,,,,
1346,"preference,preferences",,,,,,,,,,
1347,prefix,,,,,,,,,,
1348,preparation,,,,,,,,,,
1349,preprocessing,,,,,,,,,,
1350,"preservation,preserving",,,,,,,,,,
1351,pretend,,,,,,,,,,
1352,pretext,,,,,,,,,,
1353,"pretraining,pre-training,pretrained,pre-trained,pre training,pre trained",,,,,,,,,,
1354,prevention,,,,,,,,,,
1355,"price,pricing",,,,,,,,,,
1356,primary,,,,,,,,,,
1357,primate,,,,,,,,,,
1358,"prime,primal",,,,,,,,,,
1359,"primitive,primitives",,,,,,,,,,
1360,"principle,principal,principals",,,,,,,,,,
1361,"prior,priors,priori,prioritization,prioritized,priority",,,,,,,,,,
1362,"privacy,private",,,,,,,,,,
1363,privileged,,,,,,,,,,
1364,prize,,,,,,,,,,
1365,proactive,,,,,,,,,,
1366,"probabilistic,probability,pobabilistic,probabelistic",,,,,,,,,,
1367,"probe,probably,probes,probing",,,,,,,,,,
1368,"problem,problems",,,,,,,,,,
1369,"procedural,procedurally,procedures",,,,,,,,,,
1370,"process,processes,processing,processeses,processor,processors",,,,,,,,,,
1371,procgen,,,,,,,,,,
1372,"product,production,products",,,,,,,,,,
1373,"profile,profiling",,,,,,,,,,
1374,"prognosis,prognostic",,,,,,,,,,
1375,"program,programs,programming,programing,programmable,programmatic,programmer",,,,,,,,,,
1376,"progress,progression,progressive",,,,,,,,,,
1377,"projection,projections,project,projected,projector",,,,,,,,,,
1378,promotion,,,,,,,,,,
1379,prompt,,,,,,,,,,
1380,"proof,proofs",,,,,,,,,,
1381,"propagation,propagating,propagationthrough",,,,,,,,,,
1382,"propensity,proper,properties,property",,,,,,,,,,
1383,proportions,,,,,,,,,,
1384,"proposal,proposes,propositional",,,,,,,,,,
1385,prosody,,,,,,,,,,
1386,prosthesis,,,,,,,,,,
1387,protection,,,,,,,,,,
1388,protein,,,,,,,,,,
1389,proto,,,,,,,,,,
1390,"protocol,protocols",,,,,,,,,,
1391,"prototype,prototypes,prototypical",,,,,,,,,,
1392,"provable,provably",,,,,,,,,,
1393,provenance,,,,,,,,,,
1394,proving,,,,,,,,,,
1395,"proximal,proximity,proxy",,,,,,,,,,
1396,"pruning,prune",,,,,,,,,,
1397,pseudo,,,,,,,,,,
1398,psychiatric,,,,,,,,,,
1399,psychology,,,,,,,,,,
1400,psychophysics,,,,,,,,,,
1401,"public,publication",,,,,,,,,,
1402,purpose,,,,,,,,,,
1403,pursuit,,,,,,,,,,
1404,pushdown,,,,,,,,,,
1405,pushforward,,,,,,,,,,
1406,"p-value,p-values",,,,,,,,,,
1407,"pyramid,pyramidal",,,,,,,,,,
1408,python,,,,,,,,,,
1409,"q-learning, q learning",,,,,,,,,,
1410,"quadratic,quadrature",,,,,,,,,,
1411,"quality,qualitative",,,,,,,,,,
1412,"quantified,quantification",,,,,,,,,,
1413,quantile,,,,,,,,,,
1414,"quantized,quantization,quantitative,quanzation",,,,,,,,,,
1415,quantum,,,,,,,,,,
1416,quasi,,,,,,,,,,
1417,quaternion,,,,,,,,,,
1418,quenching,,,,,,,,,,
1419,"query,querying",,,,,,,,,,
1420,"question,questioning,questions",,,,,,,,,,
1421,queue,,,,,,,,,,
1422,quickest,,,,,,,,,,
1423,quiver,,,,,,,,,,
1424,rademacher,,,,,,,,,,
1425,"radial,radiance",,,,,,,,,,
1426,radio,,,,,,,,,,
1427,radon,,,,,,,,,,
1428,ramanujan,,,,,,,,,,
1429,"random,randomized,randomisation,randomised,randomization",,,,,,,,,,
1430,range,,,,,,,,,,
1431,"rank,ranking,ranker,rankness",,,,,,,,,,
1432,raphson,,,,,,,,,,
1433,rapid,,,,,,,,,,
1434,rashomon,,,,,,,,,,
1435,raster,,,,,,,,,,
1436,"rate,ratio,rates,rating",,,,,,,,,,
1437,rationality,,,,,,,,,,
1438,raven,,,,,,,,,,
1439,"reachability,reachable,reaching",,,,,,,,,,
1440,reaction,,,,,,,,,,
1441,"reader,reading",,,,,,,,,,
1442,"real time,real-time",,,,,,,,,,
1443,realistic,,,,,,,,,,
1444,realization,,,,,,,,,,
1445,"real-world,real world",,,,,,,,,,
1446,reanimation,,,,,,,,,,
1447,reasoning,,,,,,,,,,
1448,recall,,,,,,,,,,
1449,receptive,,,,,,,,,,
1450,reciprocal,,,,,,,,,,
1451,"recognition,recgonition",,,,,,,,,,
1452,"recommendation,recommendations,recommender",,,,,,,,,,
1453,"reconstruction,reconstructing",,,,,,,,,,
1454,records,,,,,,,,,,
1455,recourse,,,,,,,,,,
1456,recovery,,,,,,,,,,
1457,"rectified,rectifier",,,,,,,,,,
1458,"recurrent,recursive",,,,,,,,,,
1459,redistribution,,,,,,,,,,
1460,"reduction,reduce,reduced,reducing.,reductions,reducing",,,,,,,,,,
1461,redundancy,,,,,,,,,,
1462,"reference,referential,referring",,,,,,,,,,
1463,"refinement,refined,refinery,refining",,,,,,,,,,
1464,reflections,,,,,,,,,,
1465,reformulation,,,,,,,,,,
1466,regime,,,,,,,,,,
1467,"region,regions",,,,,,,,,,
1468,registration,,,,,,,,,,
1469,"regression,regressive",,,,,,,,,,
1470,regret,,,,,,,,,,
1471,"regularization,regular,regularisation,regularized,regulation,regularizer,regulator,regulatory",,,,,,,,,,
1472,rehabilitation,,,,,,,,,,
1473,"reinforcement,reinfocement,reinforcemenet,reinfrocement",,,,,,,,,,
1474,"rejection,reject",,,,,,,,,,
1475,"relation,relations,relational,related,relationship,relationships,relative,relativity",,,,,,,,,,
1476,"relaxation,relaxations,relaxed",,,,,,,,,,
1477,release,,,,,,,,,,
1478,"relevance,relevant",,,,,,,,,,
1479,"reliability,reliable",,,,,,,,,,
1480,relu,,,,,,,,,,
1481,remote,,,,,,,,,,
1482,removal,,,,,,,,,,
1483,"rendering,render,renderer",,,,,,,,,,
1484,renormalization,,,,,,,,,,
1485,renyi,,,,,,,,,,
1486,repair,,,,,,,,,,
1487,repertoires,,,,,,,,,,
1488,replacement,,,,,,,,,,
1489,"replay,replays",,,,,,,,,,
1490,replies,,,,,,,,,,
1491,repository,,,,,,,,,,
1492,"representation,representations,represenation,representaion,representational,representativeness,represented,representer",,,,,,,,,,
1493,"reproducible,reproducing",,,,,,,,,,
1494,required,,,,,,,,,,
1495,research,,,,,,,,,,
1496,reservoir,,,,,,,,,,
1497,reset,,,,,,,,,,
1498,residual,,,,,,,,,,
1499,resilience,,,,,,,,,,
1500,"resistance,resistant",,,,,,,,,,
1501,resisting,,,,,,,,,,
1502,"resnet,resnets",,,,,,,,,,
1503,"resolution,resolutions",,,,,,,,,,
1504,"resource,resources",,,,,,,,,,
1505,"response,responses",,,,,,,,,,
1506,responsible,,,,,,,,,,
1507,restless,,,,,,,,,,
1508,"restricted,restrictions",,,,,,,,,,
1509,"result,results",,,,,,,,,,
1510,"retrieval,retrival",,,,,,,,,,
1511,retrosynthesis,,,,,,,,,,
1512,return,,,,,,,,,,
1513,revenue,,,,,,,,,,
1514,"reversal,reverse,reversibe,reversibility,reversible,reversion",,,,,,,,,,
1515,revisions,,,,,,,,,,
1516,"reward,rewards",,,,,,,,,,
1517,riccati,,,,,,,,,,
1518,ricci,,,,,,,,,,
1519,rich,,,,,,,,,,
1520,ridge,,,,,,,,,,
1521,riemannian,,,,,,,,,,
1522,rigid,,,,,,,,,,
1523,rigorous,,,,,,,,,,
1524,risk,,,,,,,,,,
1525,rna,,,,,,,,,,
1526,"robot,robotics,robotic,robots",,,,,,,,,,
1527,"robust,robustness,roubst",,,,,,,,,,
1528,rooted,,,,,,,,,,
1529,rosetta,,,,,,,,,,
1530,"rotation,rotational",,,,,,,,,,
1531,rough,,,,,,,,,,
1532,round,,,,,,,,,,
1533,"routing,routines",,,,,,,,,,
1534,"rule,rules",,,,,,,,,,
1535,rumor,,,,,,,,,,
1536,running,,,,,,,,,,
1537,runtime,,,,,,,,,,
1538,saddle,,,,,,,,,,
1539,"safe,safety",,,,,,,,,,
1540,"salesman,salesmen,salesperson",,,,,,,,,,
1541,"saliency,salient",,,,,,,,,,
1542,"sample,samples,sampling,sampled",,,,,,,,,,
1543,sanitation,,,,,,,,,,
1544,sarah,,,,,,,,,,
1545,satellite,,,,,,,,,,
1546,"satisfaction,satisfiability,satisfy",,,,,,,,,,
1547,saturating,,,,,,,,,,
1548,saving,,,,,,,,,,
1549,scalar,,,,,,,,,,
1550,"scale,scaling,scalable,scaled",,,,,,,,,,
1551,"scanning,scans",,,,,,,,,,
1552,scattering,,,,,,,,,,
1553,"scene,scenario,scenes",,,,,,,,,,
1554,"scheduling,schedule,scheduled,schedules",,,,,,,,,,
1555,"scheme,schemes",,,,,,,,,,
1556,schmidt,,,,,,,,,,
1557,schr?dinger,,,,,,,,,,
1558,schur,,,,,,,,,,
1559,"science,scientific",,,,,,,,,,
1560,"score,scoring",,,,,,,,,,
1561,"scratch,scratchpad",,,,,,,,,,
1562,screen,,,,,,,,,,
1563,search,,,,,,,,,,
1564,"second,secondary",,,,,,,,,,
1565,"security,secure",,,,,,,,,,
1566,seeking,,,,,,,,,,
1567,"segmentation,segmented",,,,,,,,,,
1568,"selection,selective,selectivity",,,,,,,,,,
1569,self,,,,,,,,,,
1570,"semantic,semantics,selectional,semantically",,,,,,,,,,
1571,semi,,,,,,,,,,
1572,semiotics,,,,,,,,,,
1573,"sense,sensing,sensible,sensitive,sensitivity",,,,,,,,,,
1574,"sensor,sensors,sensory",,,,,,,,,,
1575,sensorimotor,,,,,,,,,,
1576,sentence,,,,,,,,,,
1577,sentiment,,,,,,,,,,
1578,"separability,separable,separation",,,,,,,,,,
1579,"sequence,sequences,sequential,sequenced,sequencing,sequiences,seq",,,,,,,,,,
1580,"series,seres,serial",,,,,,,,,,
1581,serum,,,,,,,,,,
1582,"server,servers",,,,,,,,,,
1583,"service,services",,,,,,,,,,
1584,session,,,,,,,,,,
1585,"set,sets",,,,,,,,,,
1586,"setting,settings",,,,,,,,,,
1587,shades,,,,,,,,,,
1588,shallow,,,,,,,,,,
1589,shannon,,,,,,,,,,
1590,"shape,shaped,shapes,shaping",,,,,,,,,,
1591,shapley,,,,,,,,,,
1592,"sharing,share,shared",,,,,,,,,,
1593,sharkovsky,,,,,,,,,,
1594,sharpness,,,,,,,,,,
1595,shattered,,,,,,,,,,
1596,"shift,shifting,shifts",,,,,,,,,,
1597,"short,shortest",,,,,,,,,,
1598,shortcut,,,,,,,,,,
1599,shot,,,,,,,,,,
1600,"shuffle,shuffling",,,,,,,,,,
1601,siamese,,,,,,,,,,
1602,sided,,,,,,,,,,
1603,sigma,,,,,,,,,,
1604,"sign,signed",,,,,,,,,,
1605,"signal,signalling,signals",,,,,,,,,,
1606,signature,,,,,,,,,,
1607,siloed,,,,,,,,,,
1608,sim2real,,,,,,,,,,
1609,"similarity,similar,similarities",,,,,,,,,,
1610,"simple,simplicial,simplicity,simplified",,,,,,,,,,
1611,simplex,,,,,,,,,,
1612,"simulation,simulated,simulations,simulator",,,,,,,,,,
1613,"simultaneous,simultaneously",,,,,,,,,,
1614,singing,,,,,,,,,,
1615,"single,one",,,,,,,,,,
1616,"singular,singularity",,,,,,,,,,
1617,sinkhorn,,,,,,,,,,
1618,"size,sizes",,,,,,,,,,
1619,skeleton,,,,,,,,,,
1620,skellam,,,,,,,,,,
1621,"sketch,sketching",,,,,,,,,,
1622,skewiou,,,,,,,,,,
1623,"skill,skills",,,,,,,,,,
1624,"skip,skipping",,,,,,,,,,
1625,"slate,slater",,,,,,,,,,
1626,sleep,,,,,,,,,,
1627,"slice,sliced",,,,,,,,,,
1628,slimmable,,,,,,,,,,
1629,slowdown,,,,,,,,,,
1630,slowness,,,,,,,,,,
1631,small,,,,,,,,,,
1632,smenatci,,,,,,,,,,
1633,smirnov,,,,,,,,,,
1634,"smooth,smoothing,smoothed,smoothness",,,,,,,,,,
1635,sobolev,,,,,,,,,,
1636,sobriety,,,,,,,,,,
1637,"social,socially,societal",,,,,,,,,,
1638,soft,,,,,,,,,,
1639,"softmax,softmaxing",,,,,,,,,,
1640,software,,,,,,,,,,
1641,"solution,solutions",,,,,,,,,,
1642,"solvers,solvable,solver,solving",,,,,,,,,,
1643,something,,,,,,,,,,
1644,sorting,,,,,,,,,,
1645,sound,,,,,,,,,,
1646,source,,,,,,,,,,
1647,"space,spaces,spaced",,,,,,,,,,
1648,spanning,,,,,,,,,,
1649,"sparse,sparsity,sparsification,sparsely,sparsities",,,,,,,,,,
1650,"spatial,spatio,spatialization,spatially",,,,,,,,,,
1651,"speaker,speakers,spoken",,,,,,,,,,
1652,specialized,,,,,,,,,,
1653,"specific,specification,specified",,,,,,,,,,
1654,"spectral,spectrum,spectrogram",,,,,,,,,,
1655,speech,,,,,,,,,,
1656,speed,,,,,,,,,,
1657,sphere,,,,,,,,,,
1658,spherical,,,,,,,,,,
1659,"spike,spiking",,,,,,,,,,
1660,splicing,,,,,,,,,,
1661,spline,,,,,,,,,,
1662,"split,splitting",,,,,,,,,,
1663,sports,,,,,,,,,,
1664,"spot,spots,spotter,spotting",,,,,,,,,,
1665,"spread,spreading",,,,,,,,,,
1666,spreadsheet,,,,,,,,,,
1667,spurious,,,,,,,,,,
1668,sql,,,,,,,,,,
1669,"square,squared,squares",,,,,,,,,,
1670,squashing,,,,,,,,,,
1671,"stability,stabilization,stabilize,stable",,,,,,,,,,
1672,"stack,stacked",,,,,,,,,,
1673,stackelberg,,,,,,,,,,
1674,"stage,staging",,,,,,,,,,
1675,"stale,staleness",,,,,,,,,,
1676,stance,,,,,,,,,,
1677,"standard,standardization",,,,,,,,,,
1678,stanford,,,,,,,,,,
1679,starcraft,,,,,,,,,,
1680,"start,starts",,,,,,,,,,
1681,starvation,,,,,,,,,,
1682,"state,states",,,,,,,,,,
1683,"stationarity,stationary,statiscally",,,,,,,,,,
1684,"statistics,statistical,static,statistic",,,,,,,,,,
1685,stealing,,,,,,,,,,
1686,steepest,,,,,,,,,,
1687,steerable,,,,,,,,,,
1688,stein,,,,,,,,,,
1689,stellar,,,,,,,,,,
1690,stemmer,,,,,,,,,,
1691,"step,stepsize,stepwise,step-wise",,,,,,,,,,
1692,"stereo,stereoscopic",,,,,,,,,,
1693,stick,,,,,,,,,,
1694,stiefel,,,,,,,,,,
1695,stiff,,,,,,,,,,
1696,"stimuli,stimulus",,,,,,,,,,
1697,"stochastic,stochastically,stochasticity",,,,,,,,,,
1698,"stock,stokes",,,,,,,,,,
1699,stopping,,,,,,,,,,
1700,storage,,,,,,,,,,
1701,story,,,,,,,,,,
1702,straggler,,,,,,,,,,
1703,straight,,,,,,,,,,
1704,"strategy,strategies,strategic",,,,,,,,,,
1705,"streaming,stream,streams",,,,,,,,,,
1706,strictly,,,,,,,,,,
1707,stroke,,,,,,,,,,
1708,"strong,stronger,strongly",,,,,,,,,,
1709,"structure,structural,structured,structures,structual",,,,,,,,,,
1710,student,,,,,,,,,,
1711,study,,,,,,,,,,
1712,"style,stytle",,,,,,,,,,
1713,sub,,,,,,,,,,
1714,"subject,subjective",,,,,,,,,,
1715,subtraction,,,,,,,,,,
1716,"success,successive,successor",,,,,,,,,,
1717,"sufficiency,sufficient,sufficiently",,,,,,,,,,
1718,suggestion,,,,,,,,,,
1719,"summarization,summaries,summary",,,,,,,,,,
1720,summed-area,,,,,,,,,,
1721,super,,,,,,,,,,
1722,"supervised,supervision,supervsied,supvervised",,,,,,,,,,
1723,supply,,,,,,,,,,
1724,support,,,,,,,,,,
1725,"suppressing,suppression",,,,,,,,,,
1726,surface,,,,,,,,,,
1727,surgical,,,,,,,,,,
1728,surrogate,,,,,,,,,,
1729,surveillance,,,,,,,,,,
1730,survival,,,,,,,,,,
1731,"switch,switching",,,,,,,,,,
1732,"symbolic,symbol",,,,,,,,,,
1733,"symmetric,symmetries,symmetry",,,,,,,,,,
1734,sympathetic,,,,,,,,,,
1735,symplectic,,,,,,,,,,
1736,symthetic,,,,,,,,,,
1737,"synapse,synaptic",,,,,,,,,,
1738,synchronization,,,,,,,,,,
1739,"synonym,synonymy",,,,,,,,,,
1740,"syntax,syntactic",,,,,,,,,,
1741,"synthesis,synthetic,synthesise,sythesis,sythetic",,,,,,,,,,
1742,"system,systems,systematic",,,,,,,,,,
1743,"table,tables",,,,,,,,,,
1744,tabular,,,,,,,,,,
1745,tactile,,,,,,,,,,
1746,tagging,,,,,,,,,,
1747,"tail,tails,tailed",,,,,,,,,,
1748,"take,takes",,,,,,,,,,
1749,tampering,,,,,,,,,,
1750,tangent,,,,,,,,,,
1751,tappability,,,,,,,,,,
1752,"target,targeted",,,,,,,,,,
1753,"task,tasks",,,,,,,,,,
1754,taxonomy,,,,,,,,,,
1755,taylor,,,,,,,,,,
1756,"teach,taught,teacher,teaching",,,,,,,,,,
1757,team,,,,,,,,,,
1758,"technique,techniques",,,,,,,,,,
1759,temperature,,,,,,,,,,
1760,tempering,,,,,,,,,,
1761,temporal,,,,,,,,,,
1762,"tensor,tensorization,tensors",,,,,,,,,,
1763,"term,terms",,,,,,,,,,
1764,"terminating,termination",,,,,,,,,,
1765,ternary,,,,,,,,,,
1766,tessellation,,,,,,,,,,
1767,"test,testing,tests",,,,,,,,,,
1768,"text,texture,textual,textures",,,,,,,,,,
1769,thalamocortical,,,,,,,,,,
1770,thematic,,,,,,,,,,
1771,"theorem,theory,theoretical,theorems,theoretic,theories,thoerem,thoery",,,,,,,,,,
1772,third,,,,,,,,,,
1773,thompson,,,,,,,,,,
1774,threat,,,,,,,,,,
1775,"threshold,thresholded,thresholding",,,,,,,,,,
1776,through,,,,,,,,,,
1777,"ticket,tickets",,,,,,,,,,
1778,tight,,,,,,,,,,
1779,tiling,,,,,,,,,,
1780,tilting,,,,,,,,,,
1781,timbre,,,,,,,,,,
1782,"time,timely,times,timestep,timing",,,,,,,,,,
1783,tiny,,,,,,,,,,
1784,"token,tokenization,tokenizer",,,,,,,,,,
1785,"tolerance,tolerant",,,,,,,,,,
1786,toolkit,,,,,,,,,,
1787,top,,,,,,,,,,
1788,"topic,topical",,,,,,,,,,
1789,"topology,toplogy,topological,topologically",,,,,,,,,,
1790,total,,,,,,,,,,
1791,tower,,,,,,,,,,
1792,toxic,,,,,,,,,,
1793,"trace,traces,tracing",,,,,,,,,,
1794,"tracking,trackers",,,,,,,,,,
1795,tractable,,,,,,,,,,
1796,"tradeoff,trade-off,trade off,trade-offs,tradeoffs",,,,,,,,,,
1797,traffic,,,,,,,,,,
1798,trail,,,,,,,,,,
1799,"training,train,trainability,trainable,trained,traing,trains",,,,,,,,,,
1800,"trait,traits",,,,,,,,,,
1801,"trajectory,trajectories",,,,,,,,,,
1802,transcription,,,,,,,,,,
1803,"transducers,transduction,transductive",,,,,,,,,,
1804,transe,,,,,,,,,,
1805,"transfer,transferability,tranferability,transferable,transferring,trasfer",,,,,,,,,,
1806,"transform,transformation,transformations,transforms",,,,,,,,,,
1807,"transformer,transformers",,,,,,,,,,
1808,"transition,transitions,transitive",,,,,,,,,,
1809,"translation,translational",,,,,,,,,,
1810,transmembrane,,,,,,,,,,
1811,transmission,,,,,,,,,,
1812,transparency,,,,,,,,,,
1813,"transport,tarnsport,transportation",,,,,,,,,,
1814,"traveling,travelling",,,,,,,,,,
1815,"treatment,treatments",,,,,,,,,,
1816,"tree,trees",,,,,,,,,,
1817,tree2tree,,,,,,,,,,
1818,trellis,,,,,,,,,,
1819,trials,,,,,,,,,,
1820,"triangle,triangulations",,,,,,,,,,
1821,trick,,,,,,,,,,
1822,"trigger,triggered",,,,,,,,,,
1823,"triple,triplet",,,,,,,,,,
1824,trojan,,,,,,,,,,
1825,tropical,,,,,,,,,,
1826,truncated,,,,,,,,,,
1827,"trust,trusted,trustworthy",,,,,,,,,,
1828,"truth,truths",,,,,,,,,,
1829,t-sne,,,,,,,,,,
1830,tukey,,,,,,,,,,
1831,tuning,,,,,,,,,,
1832,turing,,,,,,,,,,
1833,tutoring,,,,,,,,,,
1834,tying,,,,,,,,,,
1835,"type,types,typing",,,,,,,,,,
1836,ubuntu,,,,,,,,,,
1837,uhlenbeck,,,,,,,,,,
1838,ultra,,,,,,,,,,
1839,unadjusted,,,,,,,,,,
1840,unaligned,,,,,,,,,,
1841,"unbalance,unbalanced",,,,,,,,,,
1842,unbiased,,,,,,,,,,
1843,"uncertainty,uncertain,uncertainity",,,,,,,,,,
1844,unconditional,,,,,,,,,,
1845,unconscious,,,,,,,,,,
1846,"unconstrained,uncostrained",,,,,,,,,,
1847,under,,,,,,,,,,
1848,understanding,,,,,,,,,,
1849,underwater,,,,,,,,,,
1850,unified,,,,,,,,,,
1851,uniform,,,,,,,,,,
1852,"unique,uniqueness",,,,,,,,,,
1853,"unit,units,untied",,,,,,,,,,
1854,unitary,,,,,,,,,,
1855,"universal,universial",,,,,,,,,,
1856,unknown,,,,,,,,,,
1857,"unrolled,unrolling",,,,,,,,,,
1858,unseen,,,,,,,,,,
1859,untranscribed,,,,,,,,,,
1860,"up,upper",,,,,,,,,,
1861,"update,updates,updating",,,,,,,,,,
1862,urban,,,,,,,,,,
1863,"usable,usage",,,,,,,,,,
1864,user,,,,,,,,,,
1865,"utility,utilization",,,,,,,,,,
1866,utterance,,,,,,,,,,
1867,vaccine,,,,,,,,,,
1868,validation,,,,,,,,,,
1869,"value,valuation,valued,values",,,,,,,,,,
1870,vandermonde,,,,,,,,,,
1871,vanilla,,,,,,,,,,
1872,"vanished,vanishing",,,,,,,,,,
1873,varadhan,,,,,,,,,,
1874,"variance,variation,variational,variances,variant",,,,,,,,,,
1875,"variate,variable,variables,variates,variatinoal,variations",,,,,,,,,,
1876,various,,,,,,,,,,
1877,varying,,,,,,,,,,
1878,"vector,vectors",,,,,,,,,,
1879,"vehicle,vehicles",,,,,,,,,,
1880,velocity,,,,,,,,,,
1881,ventral,,,,,,,,,,
1882,"verification,verifiable,verified,verifiers",,,,,,,,,,
1883,vertex,,,,,,,,,,
1884,vertical,,,,,,,,,,
1885,vessel,,,,,,,,,,
1886,vgg-16,,,,,,,,,,
1887,vicinal,,,,,,,,,,
1888,"video,videos",,,,,,,,,,
1889,"view,views",,,,,,,,,,
1890,viewpoint,,,,,,,,,,
1891,ville,,,,,,,,,,
1892,virtual,,,,,,,,,,
1893,"vision,visible",,,,,,,,,,
1894,visitation,,,,,,,,,,
1895,"visual,visualization,visualisation,visually",,,,,,,,,,
1896,visuomotor,,,,,,,,,,
1897,vlasov,,,,,,,,,,
1898,"vocab,vocabularies,vocabulary",,,,,,,,,,
1899,vocoder,,,,,,,,,,
1900,voice,,,,,,,,,,
1901,volatile,,,,,,,,,,
1902,volterra-fredholm-hammerstein,,,,,,,,,,
1903,"volume,volumetric",,,,,,,,,,
1904,volunteer,,,,,,,,,,
1905,voronoi,,,,,,,,,,
1906,voxel,,,,,,,,,,
1907,"vulnerability,vulnerabilities",,,,,,,,,,
1908,"walk,walks",,,,,,,,,,
1909,walsh,,,,,,,,,,
1910,warmup,,,,,,,,,,
1911,"warped,warping",,,,,,,,,,
1912,wasserstein,,,,,,,,,,
1913,watching,,,,,,,,,,
1914,"watermark,watermarking",,,,,,,,,,
1915,watson,,,,,,,,,,
1916,"waveform,waveforms,wave",,,,,,,,,,
1917,"wavelet,wavelets",,,,,,,,,,
1918,"weakly,weak",,,,,,,,,,
1919,weather,,,,,,,,,,
1920,"webly,web",,,,,,,,,,
1921,weierstrass,,,,,,,,,,
1922,"weight,weights,weighting,weigh,weighted",,,,,,,,,,
1923,weisfeiler,,,,,,,,,,
1924,welfare,,,,,,,,,,
1925,white,,,,,,,,,,
1926,whittle,,,,,,,,,,
1927,whole,,,,,,,,,,
1928,widespread,,,,,,,,,,
1929,"width,wide",,,,,,,,,,
1930,wifi,,,,,,,,,,
1931,wigner,,,,,,,,,,
1932,wild,,,,,,,,,,
1933,wildfire,,,,,,,,,,
1934,windows,,,,,,,,,,
1935,"winner,winning",,,,,,,,,,
1936,winograd,,,,,,,,,,
1937,wireframe,,,,,,,,,,
1938,wireless,,,,,,,,,,
1939,wireline,,,,,,,,,,
1940,"wiring,wirtinger",,,,,,,,,,
1941,wisconsin,,,,,,,,,,
1942,wisdom,,,,,,,,,,
1943,wishart,,,,,,,,,,
1944,without,,,,,,,,,,
1945,"word,words",,,,,,,,,,
1946,"worker,working",,,,,,,,,,
1947,world,,,,,,,,,,
1948,worst,,,,,,,,,,
1949,wrapper,,,,,,,,,,
1950,writing,,,,,,,,,,
1951,wyner,,,,,,,,,,
1952,young,,,,,,,,,,
1953,"zero,zeroth",,,,,,,,,,
