title,similarity_mean,similarity_std
-8sBpe7rDiV,tensor(10.4991),tensor(1.5548)
-AOEi-5VTU8,tensor(8.5479),tensor(nan)
-e4EXDWXnSn,tensor(9.6338),tensor(1.5999)
-Gk_IPJWvk,tensor(10.1146),tensor(1.8763)
-HSOjDPfhBJ,tensor(9.7968),tensor(1.3587)
-ngwPqanCEZ,tensor(10.1333),tensor(1.7398)
-TSe5o7STVR,tensor(9.6475),tensor(1.6062)
-w2oomO6qgc,tensor(10.2419),tensor(1.9181)
03RLpj-tc_,tensor(10.3158),tensor(1.4893)
06Wy2BtxXrz,tensor(9.8072),tensor(1.7260)
085y6YPaYjP,tensor(10.1725),tensor(1.5487)
0cgU-BZp2ky,tensor(9.9472),tensor(2.0062)
0DcZxeWfOPt,tensor(10.4064),tensor(1.7365)
0DLwqQLmqV,tensor(9.8119),tensor(1.5999)
0jP2n0YFmKG,tensor(10.5686),tensor(1.5652)
0JzqUlIVVDd,tensor(10.2757),tensor(1.8037)
0kPL3xO4R5,tensor(9.8379),tensor(1.4053)
0no8Motr-zO,tensor(10.5569),tensor(1.7746)
0rcbOaoBXbg,tensor(10.0607),tensor(1.4505)
0RqDp8FCW5Z,tensor(9.9087),tensor(1.2689)
0sgntlpKDOz,tensor(10.0482),tensor(1.3221)
0UXT6PpRpW,tensor(9.8622),tensor(1.7776)
12RoR2o32T,tensor(10.0381),tensor(1.6574)
14F3fI6MGxX,tensor(10.8181),tensor(1.8179)
18Ys0-PzyPI,tensor(9.6823),tensor(1.9623)
1NUsBU-7HAL,tensor(10.5040),tensor(2.0350)
1NvflqAdoom,tensor(9.9248),tensor(1.7030)
1ugNpm7W6E,tensor(10.8399),tensor(2.1239)
1W0z96MFEoH,tensor(9.6083),tensor(1.7013)
1wVvweK3oIb,tensor(10.1843),tensor(1.8414)
1zwleytEpYx,tensor(10.2544),tensor(1.5694)
2-mkiUs9Jx7,tensor(10.1102),tensor(1.9251)
25kzAhUB1lz,tensor(10.1671),tensor(1.9461)
28ib9tf6zhr,tensor(10.6672),tensor(2.0067)
2bO2x8NAIMB,tensor(10.5832),tensor(1.9025)
2f1z55GVQN,tensor(10.6904),tensor(2.0809)
2ggNjUisGyr,tensor(10.7340),tensor(1.9243)
2sDQwC_hmnM,tensor(9.8018),tensor(1.9314)
2t7CkQXNpuq,tensor(9.6397),tensor(1.4562)
31d5RLCUuXC,tensor(10.3510),tensor(1.7341)
3eIrli0TwQ,tensor(10.5216),tensor(1.7129)
3HJOA-1hb0e,tensor(10.5343),tensor(1.9443)
3ILxkQ7yElm,tensor(9.9567),tensor(1.7814)
3jooF27-0Wy,tensor(9.6639),tensor(1.4475)
3Pbra-_u76D,tensor(9.7073),tensor(1.6831)
3PN4iyXBeF,tensor(10.2522),tensor(1.6809)
3pugbNqOh5m,tensor(10.4175),tensor(1.6785)
3rULBvOJ8D2,tensor(9.9478),tensor(1.6816)
3tbDrs77LJ5,tensor(10.0168),tensor(1.5425)
3wNcr5nq56,tensor(9.8422),tensor(1.6170)
3YqeuCVwy1d,tensor(10.9805),tensor(1.7043)
48RBsJwGkJf,tensor(10.4859),tensor(2.1676)
49h_IkpJtaE,tensor(10.1159),tensor(1.7437)
4C93Qvn-tz,tensor(10.3707),tensor(1.5805)
4Muj-t_4o4,tensor(9.1086),tensor(1.3303)
4N-17dske79,tensor(10.7074),tensor(1.6298)
4p6_5HBWPCw,tensor(9.6217),tensor(1.3496)
4rLw09TgRw9,tensor(10.2945),tensor(1.9378)
4Ycr8oeCoIh,tensor(9.9076),tensor(1.6336)
5-2mX9_U5i,tensor(10.1464),tensor(1.8805)
541PxiEKN3F,tensor(9.8478),tensor(1.6397)
5ECQL05ub0J,tensor(11.0561),tensor(2.0056)
5HvpvYd68b,tensor(10.8382),tensor(1.7085)
5i2f-aR6B8H,tensor(10.0159),tensor(1.8792)
5i7lJLuhTm,tensor(9.8117),tensor(1.7202)
5JdLZg346Lw,tensor(10.3781),tensor(1.9671)
5K7RRqZEjoS,tensor(10.1742),tensor(1.5455)
5kq11Tl1z4,tensor(9.3717),tensor(1.5995)
5MLb3cLCJY,tensor(10.2699),tensor(1.6554)
5QhUE1qiVC6,tensor(10.9607),tensor(2.2362)
5Qkd7-bZfI,tensor(9.8445),tensor(1.5694)
5xEgrl_5FAJ,tensor(10.8993),tensor(2.0807)
5XmLzdslFNN,tensor(10.3348),tensor(2.1666)
64trBbOhdGU,tensor(10.3304),tensor(1.5930)
68n2s9ZJWF8,tensor(9.8417),tensor(1.4116)
6ET9SzlgNX,tensor(10.2173),tensor(1.8560)
6HN7LHyzGgC,tensor(10.1736),tensor(1.5236)
6IYp-35L-xJ,tensor(9.8785),tensor(1.9575)
6kCiVaoQdx9,tensor(10.3521),tensor(1.5344)
6MmiS0HUJHR,tensor(10.1407),tensor(1.6212)
6NePxZwfae,tensor(10.4821),tensor(1.8604)
6Pe99Juo9gd,tensor(10.0563),tensor(2.4388)
6PvWo1kEvlT,tensor(9.8405),tensor(1.6991)
6Q52pZ-Th7N,tensor(10.1778),tensor(1.6711)
6q_2b6u0BnJ,tensor(10.3295),tensor(1.8634)
6sh3pIzKS-,tensor(10.3793),tensor(1.7370)
6tmjoym9LR6,tensor(10.5821),tensor(1.3858)
6u6N8WWwYSM,tensor(10.8852),tensor(2.2104)
6vkzF28Hur8,tensor(10.0809),tensor(1.4975)
6VpeS27viTq,tensor(9.2762),tensor(1.3937)
6XGgutacQ0B,tensor(11.5980),tensor(2.3151)
6y2KBh-0Fd9,tensor(10.7902),tensor(2.0346)
6YVIk0sAkF_,tensor(10.5082),tensor(1.9941)
6yVvwR9H9Oj,tensor(10.0632),tensor(1.6135)
73MEhZ0anV,tensor(10.8802),tensor(2.1054)
74x5BXs4bWD,tensor(11.1917),tensor(1.8830)
7B3IJMM1k_M,tensor(9.6714),tensor(1.6135)
7DI6op61AY,tensor(10.5322),tensor(1.4671)
7fFO4cMBx_9,tensor(9.9670),tensor(1.6121)
7gE9V9GBZaI,tensor(9.8593),tensor(1.8680)
7grkzyj89A_,tensor(11.2034),tensor(2.2401)
7I8LPkcx8V,tensor(9.9360),tensor(1.6409)
7inCJ3MhXt3,tensor(9.8685),tensor(1.5498)
7IWGzQ6gZ1D,tensor(9.9987),tensor(1.5681)
7KdAoOsI81C,tensor(10.2066),tensor(1.9577)
7MV6uLzOChW,tensor(9.9283),tensor(1.5544)
7QfLW-XZTl,tensor(11.0614),tensor(2.2165)
7r6kDq0mK_,tensor(10.3281),tensor(1.7524)
7TZeCsNOUB_,tensor(10.4147),tensor(2.0011)
7udZAsEzd60,tensor(10.7448),tensor(1.8382)
7_JR7WpwKV1,tensor(10.2416),tensor(1.6326)
81e1aeOt-sd,tensor(10.4177),tensor(1.5978)
84NMXTHYe-,tensor(9.9826),tensor(1.8638)
8eb12UQYxrG,tensor(9.6820),tensor(1.4437)
8FhxBtXSl0,tensor(10.2684),tensor(1.7548)
8hWs60AZcWk,tensor(10.0753),tensor(1.7829)
8in_5gN9I0,tensor(9.8437),tensor(1.8847)
8la28hZOwug,tensor(10.3849),tensor(1.8118)
8uz0EWPQIMu,tensor(9.8988),tensor(1.8983)
9-Rfew334N,tensor(10.3322),tensor(1.6551)
92tYQiil17,tensor(10.1655),tensor(1.5488)
9jInD9JjicF,tensor(10.4168),tensor(1.8096)
9jsZiUgkCZP,tensor(10.1748),tensor(1.7009)
9kpuB2bgnim,tensor(10.0815),tensor(1.2856)
9L1BsI4wP1H,tensor(10.0484),tensor(1.8803)
9n9c8sf0xm,tensor(10.9213),tensor(1.7548)
9Nk6AJkVYB,tensor(10.6639),tensor(1.7172)
9NVd-DMtThY,tensor(10.2119),tensor(1.9052)
9otKVlgrpZG,tensor(10.7312),tensor(1.7712)
9pEJSVfDbba,tensor(10.3820),tensor(1.8345)
9RUHPlladgh,tensor(10.6645),tensor(2.3647)
9SDQB3b68K,tensor(9.8213),tensor(1.7928)
9wOQOgNe-w,tensor(10.7129),tensor(2.0028)
9xhgmsNVHu,tensor(9.9328),tensor(1.6286)
9ZPegFuFTFv,tensor(10.1987),tensor(1.6736)
A05I5IvrdL-,tensor(11.1805),tensor(1.7864)
a34GrNaYEcS,tensor(11.1484),tensor(2.3008)
a7H7OucbWaU,tensor(9.7723),tensor(1.7581)
AAJLBoGt0XM,tensor(9.3185),tensor(1.3353)
aBO5SvgSt1,tensor(9.6805),tensor(1.1987)
aBsCjcPu_tE,tensor(9.8037),tensor(1.7087)
aBVxf5NaaRt,tensor(9.9146),tensor(1.6163)
aBXzcPPOuX,tensor(11.5059),tensor(2.6329)
AcrlgZ9BKed,tensor(10.3683),tensor(1.8303)
aD7uesX1GF_,tensor(9.8968),tensor(1.6187)
af1eUDdUVz,tensor(10.6053),tensor(2.4078)
afoV8W3-IYp,tensor(9.6665),tensor(1.9648)
ahi2XSHpAUZ,tensor(9.9639),tensor(1.4716)
AIgn9uwfcD1,tensor(9.0862),tensor(1.1428)
aisKPsMM3fg,tensor(10.2889),tensor(1.6639)
AjGC97Aofee,tensor(9.2244),tensor(1.4266)
AMpki9kp8Cn,tensor(10.4145),tensor(1.7049)
AmUhwTOHgm,tensor(10.4050),tensor(1.7542)
anbBFlX1tJ1,tensor(10.8810),tensor(1.8370)
aOX3a9q3RVV,tensor(10.6191),tensor(1.8769)
AP1MKT37rJ,tensor(10.1422),tensor(1.8644)
aPOpXlnV1T,tensor(10.9169),tensor(1.5751)
ar92oEosBIg,tensor(10.0947),tensor(1.7188)
ATUh28lnSuW,tensor(10.2858),tensor(1.5695)
aTzMi4yV_RO,tensor(10.8977),tensor(2.1457)
auOPcdAcoy,tensor(10.0385),tensor(1.7147)
AV8FPoMTTa,tensor(10.1759),tensor(1.7604)
AwgtcUAhBq,tensor(10.4870),tensor(1.9839)
AXWygMvuT6Q,tensor(11.1375),tensor(2.0246)
aYAA-XHKyk,tensor(10.2700),tensor(1.9672)
Az-7gJc6lpr,tensor(10.5311),tensor(2.2027)
Az7opqbQE-3,tensor(10.5595),tensor(2.2454)
Azh9QBQ4tR7,tensor(10.3674),tensor(1.7117)
B0oHOwT5ENL,tensor(10.2778),tensor(1.8385)
B3Nde6lvab,tensor(10.6528),tensor(1.8038)
B5XahNLmna,tensor(10.3516),tensor(1.7936)
B6EIcyp-Rb7,tensor(10.1937),tensor(1.6948)
B72HXs80q4,tensor(10.5637),tensor(1.9218)
B7ZbqNLDn-_,tensor(10.9236),tensor(1.9339)
B8DVo9B1YE0,tensor(10.6030),tensor(1.9181)
baUQQPwQiAg,tensor(10.3204),tensor(1.8142)
bCrdi4iVvv,tensor(10.3286),tensor(1.8473)
bfuGjlCwAq,tensor(9.8595),tensor(1.7354)
BGvt0ghNgA,tensor(9.9620),tensor(1.6336)
bjy5Zb2fo2,tensor(10.0749),tensor(1.7078)
BK-4qbGgIE3,tensor(10.1648),tensor(1.8235)
Bl8CQrx2Up4,tensor(10.3781),tensor(1.7239)
BmJV7kyAmg,tensor(10.2272),tensor(1.7981)
Bn09TnDngN,tensor(10.3726),tensor(1.8178)
boJy41J-tnQ,tensor(9.4395),tensor(1.4107)
bp-LJ4y_XC,tensor(11.0882),tensor(1.6399)
BrFIKuxrZE,tensor(10.3975),tensor(1.9592)
BRFWxcZfAdC,tensor(10.9315),tensor(1.9847)
BrPdX1bDZkQ,tensor(10.1175),tensor(1.3354)
bsycpMi00R1,tensor(10.5406),tensor(1.5251)
bTteFbU99ye,tensor(10.4433),tensor(2.0035)
bVvMOtLMiw,tensor(10.4571),tensor(1.8739)
BwPaPxwgyQb,tensor(9.9901),tensor(1.6743)
bwq6O4Cwdl,tensor(9.8432),tensor(2.2776)
bYGSzbCM_i,tensor(10.2695),tensor(1.9693)
bZJbzaj_IlP,tensor(10.1476),tensor(1.6535)
BZnnMbt0pW,tensor(9.5078),tensor(1.5332)
c-4HSDAWua5,tensor(10.2703),tensor(1.9856)
C03Ajc-NS5W,tensor(10.7220),tensor(1.8143)
C1_esHN6AVn,tensor(10.4583),tensor(1.9681)
C54V-xTWfi,tensor(9.7088),tensor(1.8037)
c87d0TS4yX,tensor(10.1118),tensor(2.1112)
C8Ltz08PtBp,tensor(10.5581),tensor(2.0650)
cBu4ElJfneV,tensor(10.1195),tensor(1.6967)
CCu6RcUMwK0,tensor(10.2035),tensor(1.7310)
cGDAkQo1C0p,tensor(9.9811),tensor(1.9164)
CgIEctmcXx1,tensor(10.0073),tensor(1.4672)
ChMLTGRjFcU,tensor(9.6751),tensor(1.2426)
CI-xXX9dg9l,tensor(9.8542),tensor(1.6967)
ci7LBzDn2Q,tensor(9.2422),tensor(1.7565)
CIaQKbTBwtU,tensor(10.5628),tensor(1.5547)
CJzi3dRlJE-,tensor(8.9535),tensor(2.1364)
ckZY7DGa7FQ,tensor(10.2947),tensor(1.7017)
CLpxpXqqBV,tensor(10.3448),tensor(1.9547)
CmsfC7u054S,tensor(9.9671),tensor(2.3462)
cOtBRgsf2fO,tensor(9.7273),tensor(1.9451)
cpDhcsEDC2,tensor(9.7408),tensor(1.6983)
CpTuR2ECuW,tensor(10.0335),tensor(1.6504)
CrCvGNHAIrz,tensor(10.2893),tensor(2.0271)
CS4463zx6Hi,tensor(10.7169),tensor(1.7461)
CSfcOznpDY,tensor(9.9331),tensor(1.3841)
cuvga_CiVND,tensor(9.3900),tensor(1.7749)
CVfLvQq9gLo,tensor(10.5444),tensor(1.9747)
cw-EmNq5zfD,tensor(10.9013),tensor(2.2569)
cZAi1yWpiXQ,tensor(10.4856),tensor(1.8946)
Czsdv-S4-w9,tensor(9.9774),tensor(1.7319)
C_vsGwEIjAr,tensor(9.7238),tensor(1.3978)
d2TT6gK9qZn,tensor(11.1269),tensor(2.2933)
d5SCUJ5t1k,tensor(9.5592),tensor(1.7150)
d71n4ftoCBy,tensor(9.6622),tensor(1.9418)
DBiQQYWykyy,tensor(9.9364),tensor(2.0423)
dDjSKKA5TP1,tensor(9.5978),tensor(1.6992)
dDo8druYppX,tensor(10.0092),tensor(1.6432)
DesNW4-5ai9,tensor(9.6739),tensor(1.3838)
DfUjyyRW90,tensor(9.8132),tensor(1.4510)
dg79moSRqIo,tensor(10.2101),tensor(1.8871)
DhP9L8vIyLc,tensor(9.9663),tensor(1.7526)
DhzIU48OcZh,tensor(10.0184),tensor(1.7031)
DnG75_KyHjX,tensor(10.9313),tensor(1.8580)
dNigytemkL,tensor(10.4066),tensor(1.3657)
dpXL6lz4mOQ,tensor(9.9386),tensor(2.0719)
dPyRNUlttBv,tensor(9.8695),tensor(1.7061)
dQ7Cy_ndl1s,tensor(9.7128),tensor(1.4263)
DrZXuTGg2A-,tensor(10.3295),tensor(1.6378)
ds8yZOUsea,tensor(9.9417),tensor(1.5445)
DSQHjibtgKR,tensor(9.9689),tensor(1.7010)
dSw0QtRMJkO,tensor(10.0295),tensor(1.4616)
dTqOcTUOQO,tensor(10.3389),tensor(2.2172)
DTXZqTNV5nW,tensor(10.5284),tensor(1.9343)
DXPftn5kjQK,tensor(9.7723),tensor(1.5916)
DYypjaRdph2,tensor(nan),tensor(nan)
Dzpe9C1mpiv,tensor(10.8364),tensor(1.9452)
dZPgfwaTaXv,tensor(10.6162),tensor(1.7070)
d_2lcDh0Y9c,tensor(10.5712),tensor(1.5211)
e0jtGTfPihs,tensor(10.1656),tensor(1.7346)
e2Lle5cij9D,tensor(10.9687),tensor(1.7189)
e42KbIw6Wb,tensor(10.1261),tensor(1.7541)
E4EE_ohFGz,tensor(10.0229),tensor(1.7224)
e95i1IHcWj,tensor(9.9925),tensor(1.4480)
eBCmOocUejf,tensor(10.2444),tensor(1.9317)
EBn0uInJZWh,tensor(8.9744),tensor(1.3003)
EcGGFkNTxdJ,tensor(10.2636),tensor(1.7544)
ecH2FKaARUp,tensor(9.5549),tensor(1.5771)
ECvgmYVyeUz,tensor(9.9115),tensor(1.4394)
edONMAnhLu-,tensor(10.3267),tensor(1.8401)
ef0nInZHKIC,tensor(10.2623),tensor(1.8043)
EHaUTlm2eHg,tensor(10.1807),tensor(1.9159)
ei3SY1_zYsE,tensor(11.0322),tensor(2.0005)
ek9a0qIafW,tensor(9.7010),tensor(1.8911)
EMigfE6ZeS,tensor(10.3155),tensor(2.0284)
EMxu-dzvJk,tensor(10.5726),tensor(1.9594)
EnwCZixjSh,tensor(10.1069),tensor(1.8330)
EQmAP4F859,tensor(10.0938),tensor(1.6313)
EVVadRFRgL7,tensor(10.3406),tensor(1.7970)
EwqEx5ipbOu,tensor(10.3926),tensor(1.8167)
EXHG-A3jlM,tensor(10.8441),tensor(1.8260)
eYciPrLuUhG,tensor(10.5248),tensor(1.8441)
EZNOb_uNpJk,tensor(10.5244),tensor(1.6342)
f2lrIbGx3x7,tensor(10.4108),tensor(1.7426)
f2OYVDyfIB,tensor(10.4039),tensor(2.0923)
F5Em8ASCosV,tensor(9.8616),tensor(1.2374)
F72ximsx7C1,tensor(9.9931),tensor(1.7445)
f9D-5WNG4Nv,tensor(9.1843),tensor(1.5041)
f9MHpAGUyMn,tensor(10.3295),tensor(2.1048)
fCG75wd39ze,tensor(10.0793),tensor(1.5120)
fCSq8yrDkc,tensor(10.1740),tensor(1.5203)
FEBFJ98FKx,tensor(11.2087),tensor(1.7970)
fExcSKdDo_,tensor(10.6104),tensor(1.8706)
figzpGMrdD,tensor(9.4864),tensor(1.8963)
FKp8-pIRo3y,tensor(10.4512),tensor(1.9777)
FlwzVjfMryn,tensor(10.2549),tensor(1.6689)
FmBegXJToY,tensor(9.6991),tensor(1.6863)
Fn7i_r5rR0q,tensor(10.7767),tensor(2.0829)
FndDxSz3LxQ,tensor(10.0140),tensor(2.0004)
fOsN52jn25l,tensor(10.2690),tensor(1.9596)
fPhKeld3Okz,tensor(10.6371),tensor(1.8719)
FQOC5u-1egI,tensor(10.0988),tensor(1.6868)
fQTlgI2qZqE,tensor(10.2139),tensor(1.8365)
fR-EnKWL_Zb,tensor(10.3381),tensor(1.5765)
fvLLcIYmXb,tensor(10.2551),tensor(1.9573)
fVu3o-YUGQK,tensor(9.9464),tensor(2.1225)
fwzUgo0FM9v,tensor(10.1833),tensor(1.9082)
fXHl76nO2AZ,tensor(10.0281),tensor(1.7836)
fy_XRVHqly,tensor(10.1145),tensor(1.6096)
Fza94Y8VS4a,tensor(10.8528),tensor(1.7443)
FZoZ7a31GCW,tensor(11.3567),tensor(2.0171)
g2LCQwG7Of,tensor(10.2594),tensor(1.9315)
g5tANwND04i,tensor(10.6303),tensor(2.2600)
G89-1yZLFHk,tensor(10.2361),tensor(1.8371)
gbe1zHyA73,tensor(10.3621),tensor(1.4567)
gFDFKC4gHL4,tensor(10.9390),tensor(1.8443)
gfwON7rAm4,tensor(10.6325),tensor(1.6454)
GhVS8_yPeEa,tensor(10.8874),tensor(1.9105)
gI7feJ9yXPz,tensor(10.3766),tensor(1.5933)
giBFoa-uS12,tensor(10.7048),tensor(1.7061)
gICys3ITSmj,tensor(10.2001),tensor(1.8912)
givsRXsOt9r,tensor(10.5983),tensor(1.7040)
gJcEM8sxHK,tensor(9.6596),tensor(1.8735)
gJLEXy3ySpu,tensor(10.0198),tensor(1.7097)
gjNcH0hj0LM,tensor(9.3567),tensor(1.8254)
gKLAAfiytI,tensor(10.6923),tensor(1.8033)
gNp54NxHUPJ,tensor(10.9326),tensor(1.7216)
gpp7cf0xdfN,tensor(9.9552),tensor(1.7137)
GQd7mXSPua,tensor(10.8670),tensor(1.8594)
gRCCdgpVZf,tensor(9.7537),tensor(1.3899)
gSdSJoenupI,tensor(10.2651),tensor(1.7927)
GsH-K1VIyy,tensor(9.7534),tensor(1.7064)
GugZ5DzzAu,tensor(10.0263),tensor(1.8007)
GUrhfTuf_3,tensor(9.8331),tensor(1.7779)
gVRhIEajG1k,tensor(10.3513),tensor(1.6614)
GWQWAeE9EpB,tensor(11.0703),tensor(1.7976)
H-iABMvzIc,tensor(10.2291),tensor(1.8368)
h0OYV0We3oh,tensor(10.2367),tensor(1.9425)
H4PmOqSZDY,tensor(10.5879),tensor(2.0568)
H7HDG--DJF0,tensor(10.7518),tensor(1.8444)
H94a1_Pyr-6,tensor(10.2430),tensor(1.9407)
Harn4_EZBw,tensor(10.3255),tensor(1.8316)
HBsJNesj2S,tensor(9.7266),tensor(1.6764)
HCelXXcSEuH,tensor(10.5415),tensor(2.5141)
hcMvApxGSzZ,tensor(9.9309),tensor(1.6057)
hcoswsDHNAW,tensor(10.3605),tensor(1.6608)
hcQHRHKfN_,tensor(10.6189),tensor(2.2264)
HCRVf71PMF,tensor(9.3364),tensor(1.5614)
HFPTzdwN39,tensor(10.1438),tensor(2.1155)
HfUyCRBeQc,tensor(10.3860),tensor(2.1041)
hgKtwSb4S2,tensor(10.7325),tensor(1.4204)
hGXij5rfiHw,tensor(10.3415),tensor(1.6596)
hjd-kcpDpf2,tensor(10.6146),tensor(1.7071)
hl9ePdHO4_s,tensor(9.6005),tensor(1.4249)
hm2tNDdgaFK,tensor(11.1010),tensor(1.9806)
HMJdXzbWKH,tensor(10.6737),tensor(1.7260)
HndgQudNb91,tensor(11.1286),tensor(1.7190)
hniLRD_XCA,tensor(10.0781),tensor(1.4562)
HObMhrCeAAF,tensor(10.3362),tensor(1.6442)
HOjLHrlZhmx,tensor(10.2421),tensor(1.9947)
hpBTIv2uy_E,tensor(10.2451),tensor(1.6796)
hqkhcFHOeKD,tensor(10.3454),tensor(1.8301)
hSktDu-h94,tensor(10.4071),tensor(1.9250)
Ht85_jyihxp,tensor(9.7766),tensor(1.4502)
HTp-6yLGGX,tensor(10.1430),tensor(1.8235)
HTVch9AMPa,tensor(10.5744),tensor(2.1442)
htWIlvDcY8,tensor(10.7933),tensor(1.8342)
HuaYQfggn5u,tensor(9.8513),tensor(1.8742)
hzmQ4wOnSb,tensor(10.5508),tensor(2.0209)
I2Hw58KHp8O,tensor(10.4456),tensor(1.6927)
i3RI65sR7N,tensor(9.9541),tensor(1.5599)
ibqTBNfJmi,tensor(9.8815),tensor(1.7453)
ibrUkC-pbis,tensor(10.2675),tensor(2.0343)
IcUWShptD7d,tensor(nan),tensor(nan)
IDwN6xjHnK8,tensor(10.7557),tensor(2.0367)
iEx3PiooLy,tensor(9.8681),tensor(1.4811)
IfNu7Dr-3fQ,tensor(nan),tensor(nan)
IK9ap6nxXr2,tensor(10.7142),tensor(2.2209)
iMqTLyfwnOO,tensor(10.7393),tensor(1.5683)
Iog0djAdbHj,tensor(9.9164),tensor(1.4753)
IpctgL7khPp,tensor(10.1392),tensor(1.9161)
iPHLcmtietq,tensor(10.9286),tensor(2.0301)
irARV_2VFs4,tensor(10.5768),tensor(1.6161)
ItkxLQU01lD,tensor(10.3214),tensor(1.7308)
iulEMLYh1uR,tensor(10.2711),tensor(1.9375)
iUuzzTMUw9K,tensor(10.0805),tensor(1.7014)
IvepFxYRDG,tensor(10.3772),tensor(2.0403)
ivQruZvXxtz,tensor(10.5322),tensor(1.6843)
Ix_mh42xq5w,tensor(10.3804),tensor(1.8596)
IYMuTbGzjFU,tensor(9.4321),tensor(1.3700)
izj68lUcBpt,tensor(10.5314),tensor(1.6476)
izvwgBic9q,tensor(10.3997),tensor(1.5285)
j-63FSNcO5a,tensor(9.7904),tensor(1.5982)
J1rhANsCY9,tensor(10.0700),tensor(1.6189)
j3krplz_4w6,tensor(10.0766),tensor(1.5720)
J7b4BCtDm4,tensor(10.2830),tensor(1.7661)
jaLDP8Hp_gc,tensor(10.3376),tensor(1.9792)
JBAZe2yN6Ub,tensor(10.3184),tensor(1.9971)
jbrgwbv8nD,tensor(10.5367),tensor(2.0647)
jeLW-Fh9bV,tensor(9.4445),tensor(1.3845)
JfaWawZ8BmX,tensor(10.3306),tensor(1.7624)
JJCjv4dAbyL,tensor(10.4690),tensor(1.4844)
Jjcv9MTqhcq,tensor(9.8173),tensor(1.6319)
jJOjjiZHy3h,tensor(10.6483),tensor(1.8627)
JJxiD-kg-oK,tensor(10.1262),tensor(1.7946)
JM2kFbJvvI,tensor(9.3364),tensor(1.5501)
JPkQwEdYn8,tensor(10.5713),tensor(1.7906)
js62_xuLDDv,tensor(10.2841),tensor(1.6833)
jT1EwXu-4hj,tensor(10.4836),tensor(2.0832)
JtBRnrlOEFN,tensor(10.4492),tensor(1.6161)
JxFgJbZ-wft,tensor(10.6992),tensor(1.5691)
JXhROKNZzOc,tensor(9.7536),tensor(1.5159)
JYtwGwIL7ye,tensor(10.4921),tensor(1.9964)
JzNB0eA2-M4,tensor(11.0675),tensor(1.7317)
J_2xNmVcY4,tensor(10.6652),tensor(1.9618)
J_F_qqCE3Z5,tensor(10.3195),tensor(1.5030)
J_PHjw4gvXJ,tensor(9.8943),tensor(1.5624)
K2JfSnLBD9,tensor(10.2693),tensor(2.2944)
k7-s5HSSPE5,tensor(9.9834),tensor(1.9950)
k7efTb0un9z,tensor(10.1545),tensor(1.7982)
k9bx1EfHI_-,tensor(10.6207),tensor(1.7974)
kAa9eDS0RdO,tensor(10.3980),tensor(1.8489)
kavTY__jxp,tensor(11.0331),tensor(1.8927)
KBQP4A_J1K,tensor(10.7451),tensor(1.6620)
kcwyXtt7yDJ,tensor(9.8473),tensor(1.7439)
Kef8cKdHWpP,tensor(10.0341),tensor(2.0465)
KeI9E-gsoB,tensor(10.2100),tensor(1.9509)
KEQl-MZ5fg7,tensor(9.4453),tensor(1.4724)
kezNJydWvE,tensor(9.9522),tensor(1.5381)
kF9DZQQrU0w,tensor(9.4114),tensor(1.3694)
kG0AtPi6JI1,tensor(10.1788),tensor(1.6959)
kj0_45Y4r9i,tensor(10.6373),tensor(1.7783)
KJggliHbs8,tensor(10.3272),tensor(1.5548)
KJztlfGPdwW,tensor(10.1874),tensor(1.8005)
KLaDXLAzzFT,tensor(10.3396),tensor(1.9371)
KmtVD97J43e,tensor(10.5002),tensor(1.6005)
kNKFOXleuC,tensor(9.9335),tensor(1.9309)
KntaNRo6R48,tensor(10.1282),tensor(1.5823)
kOu3-S3wJ7,tensor(10.4601),tensor(1.9061)
KPEFXR1HdIo,tensor(10.6033),tensor(1.6404)
kQ2SOflIOVC,tensor(9.7780),tensor(1.7695)
kR1hC6j48Tp,tensor(11.0335),tensor(1.5566)
KSSfF5lMIAg,tensor(10.3034),tensor(1.3725)
KSugKcbNf9,tensor(10.6262),tensor(2.6495)
kSwqMH0zn1F,tensor(8.8749),tensor(1.6266)
KTPuIsx4pmo,tensor(9.6297),tensor(1.5450)
Kwm8I7dU-l5,tensor(10.3607),tensor(1.6454)
L01Nn_VJ9i,tensor(11.2549),tensor(2.0848)
l5aSHXi8jG5,tensor(9.9636),tensor(1.8054)
L7wzpQttNO,tensor(10.6694),tensor(1.8242)
l8It-0lE5e7,tensor(10.4972),tensor(2.3504)
lbauk6wK2-y,tensor(10.2511),tensor(1.8617)
LcF-EEt8cCC,tensor(10.5403),tensor(2.0396)
LDAwu17QaJz,tensor(9.5006),tensor(1.6875)
LdEhiMG9WLO,tensor(9.9966),tensor(1.7563)
LedObtLmCjS,tensor(10.7821),tensor(1.7060)
ljxWpdBl4V,tensor(10.3864),tensor(1.9095)
lL3lnMbR4WU,tensor(10.0363),tensor(1.7631)
Lm8T39vLDTE,tensor(10.4556),tensor(1.5522)
lQI_mZjvBxj,tensor(9.4069),tensor(1.5526)
lrocYB-0ST2,tensor(10.5669),tensor(2.1040)
lTqGXfn9Tv,tensor(10.2510),tensor(1.7104)
Lwr8We4MIxn,tensor(10.8621),tensor(1.5161)
lY0-7bj0Vfz,tensor(10.4971),tensor(1.5450)
lyLVzukXi08,tensor(10.0098),tensor(1.4402)
lzupY5zjaU9,tensor(nan),tensor(nan)
l_amHf1oaK,tensor(10.2000),tensor(2.0427)
M6M8BEmd6dq,tensor(10.0345),tensor(1.6932)
m8bypnj7Yl5,tensor(10.4918),tensor(2.0050)
m8uJvVgwRci,tensor(9.8169),tensor(1.4591)
mdUYT5QV0O,tensor(10.0951),tensor(1.7012)
MeeQkFYVbzW,tensor(10.3886),tensor(1.9172)
mfwdY3U_9ea,tensor(9.9396),tensor(1.4009)
mhYUBYNoGz,tensor(10.5762),tensor(2.0467)
MIX3fJkl_1,tensor(10.8920),tensor(1.8936)
mk0HzdqY7i1,tensor(10.2985),tensor(1.6697)
mKDtUtxIGJ,tensor(10.2839),tensor(1.8482)
MljXVdp4A3N,tensor(9.7852),tensor(1.6149)
MMAeCXIa89,tensor(10.6752),tensor(1.7396)
Mng8CQ9eBW,tensor(10.6356),tensor(1.4932)
moHCzz6D5H3,tensor(9.6156),tensor(1.3171)
MP904TiHqJ-,tensor(10.7232),tensor(1.5796)
MQ2sAGunyBP,tensor(nan),tensor(nan)
mQxt8l7JL04,tensor(9.7504),tensor(1.3233)
MR7XubKUFB,tensor(9.9510),tensor(1.7699)
MSgB8D4Hy51,tensor(10.0634),tensor(1.6591)
MsHnJPaBUZE,tensor(10.3468),tensor(1.9454)
Mspk_WYKoEH,tensor(10.7678),tensor(1.8063)
msRBojTz-Nh,tensor(10.6425),tensor(1.9074)
MSwEFaztwkE,tensor(9.7577),tensor(1.6313)
MTex8qKavoS,tensor(10.3925),tensor(1.7576)
MvO2t0vbs4-,tensor(9.8438),tensor(1.4163)
mwdfai8NBrJ,tensor(9.9940),tensor(1.8848)
MXdFBmHT4C,tensor(9.9790),tensor(1.6960)
MXEl7i-iru,tensor(9.7976),tensor(1.4355)
n0OeTdNRG0Q,tensor(10.3493),tensor(1.4917)
N0uJGWDw21d,tensor(9.6314),tensor(1.4468)
N1WI0vJLER,tensor(10.5867),tensor(1.3443)
N8MaByOzUfb,tensor(9.5736),tensor(1.9614)
N9W24a4zU,tensor(9.9603),tensor(1.7749)
nbC8iTTXIrk,tensor(9.4482),tensor(1.8626)
nBU_u6DLvoK,tensor(10.6730),tensor(1.8963)
nc0ETaieux,tensor(9.8114),tensor(1.8326)
NdOoQnYPj_,tensor(11.1012),tensor(2.1333)
neqU3HWDgE,tensor(9.8490),tensor(1.6649)
nf3A0WZsXS5,tensor(11.3815),tensor(2.5730)
NH29920YEmj,tensor(10.5869),tensor(1.7337)
Nh7CtbyoqV5,tensor(10.0157),tensor(1.5696)
nhN-fqxmNGx,tensor(10.5360),tensor(2.2030)
nioAdKCEdXB,tensor(10.3836),tensor(1.1809)
nkaba3ND7B5,tensor(9.7174),tensor(1.5153)
nKWjE4QF1hB,tensor(11.0847),tensor(2.1110)
NkZq4OEYN-,tensor(10.1787),tensor(1.5481)
NlObxR0rosG,tensor(10.1397),tensor(1.8507)
nnU3IUMJmN,tensor(9.5338),tensor(1.4121)
nO5caZwFwYu,tensor(9.6958),tensor(2.2761)
noaG7SrPVK0,tensor(9.7798),tensor(1.8253)
NoB8YgRuoFU,tensor(nan),tensor(nan)
nrGGfMbY_qK,tensor(9.0770),tensor(1.3759)
nRj0NcmSuxb,tensor(10.4919),tensor(1.9878)
NRX9QZ6yqt,tensor(10.2756),tensor(2.0459)
nwKXyFvaUm,tensor(10.9474),tensor(2.1412)
nxcABL7jbQh,tensor(10.1163),tensor(1.8571)
NYBmJN4MyZ,tensor(9.8700),tensor(1.5999)
NyJ2KIN8P17,tensor(9.8248),tensor(1.4343)
nZeVKeeFYf9,tensor(10.2766),tensor(1.9208)
nZOUYEN6Wvy,tensor(10.9099),tensor(1.9623)
nzvbBD_3J-g,tensor(9.8824),tensor(1.6064)
o-1v9hdSult,tensor(9.9048),tensor(1.6529)
O-r8LOR-CCA,tensor(9.9513),tensor(1.6580)
o0ehFykKVtr,tensor(10.0297),tensor(1.9195)
O476oWmiNNp,tensor(10.4620),tensor(1.8248)
O50443AsCP,tensor(10.4012),tensor(1.5524)
oAy7yPmdNz,tensor(9.4657),tensor(1.6405)
OcKMT-36vUs,tensor(10.0868),tensor(1.7208)
Oh1r2wApbPv,tensor(9.5696),tensor(1.5730)
oh4TirnfSem,tensor(10.0511),tensor(1.5590)
oiZJwC_fyS,tensor(9.2416),tensor(1.1812)
oj2yn1Q4Ett,tensor(10.2654),tensor(1.6332)
oJGDYQFKL3i,tensor(9.9937),tensor(1.4800)
OJm3HZuj4r7,tensor(10.4133),tensor(1.5371)
OjPmfr9GkVv,tensor(10.0172),tensor(1.5474)
oMI9PjOb9Jl,tensor(9.9832),tensor(1.9221)
OM_lYiHXiCL,tensor(10.1942),tensor(1.6443)
OnpFa95RVqs,tensor(9.8752),tensor(1.6403)
Opmqtk_GvYL,tensor(10.9333),tensor(2.0459)
OqcZu8JIIzS,tensor(10.3543),tensor(1.7831)
OT3mLgR8Wg8,tensor(10.0329),tensor(1.7669)
OtEDS2NWhqa,tensor(10.7061),tensor(1.6991)
oU3aTsmeRQV,tensor(9.9458),tensor(1.5582)
OUz_9TiTv9j,tensor(9.2610),tensor(1.7081)
oVE1z8NlNe,tensor(10.0965),tensor(1.8513)
Ow1C7s3UcY,tensor(10.8361),tensor(1.7101)
oWZsQ8o5EA,tensor(10.6801),tensor(1.6570)
OWZVD-l-ZrC,tensor(10.2339),tensor(1.7759)
Oxeka7Z7Hor,tensor(10.3567),tensor(1.7153)
OXRZeMmOI7a,tensor(9.6703),tensor(1.6840)
oxxUMeFwEHd,tensor(11.1086),tensor(2.2892)
OY1A8ejQgEX,tensor(9.7727),tensor(1.4575)
Oy9WeuZD51,tensor(11.0968),tensor(1.8481)
OzyXtIZAzFv,tensor(10.4884),tensor(1.8100)
o_HsiMPYh_x,tensor(10.4757),tensor(1.8145)
P-pPW1nxf1r,tensor(9.2649),tensor(1.6930)
P07dq7iSAGr,tensor(10.4777),tensor(1.6270)
p0rCmDEN_-,tensor(10.7145),tensor(1.8304)
P1QUVhOtEFP,tensor(11.2819),tensor(1.6606)
P3Bh01hBYTH,tensor(10.1567),tensor(1.7330)
p3DKPQ7uaAi,tensor(10.3857),tensor(1.5536)
P7FLfMLTSEX,tensor(10.5671),tensor(1.7558)
P7OVkHEoHOZ,tensor(10.1109),tensor(1.6002)
p98WJxUC3Ca,tensor(9.6079),tensor(1.4118)
PDYs7Z2XFGv,tensor(10.4340),tensor(1.8061)
pETy-HVvGtt,tensor(10.1035),tensor(1.8300)
pfNyExj7z2,tensor(10.1324),tensor(2.0569)
pgir5f7ekAL,tensor(10.1020),tensor(1.8641)
PgNEYaIc81Q,tensor(9.9591),tensor(1.6436)
PilZY3omXV2,tensor(9.4929),tensor(1.0139)
pjqqxepwoMy,tensor(10.9069),tensor(1.8550)
PlKWVd2yBkY,tensor(9.9178),tensor(1.8164)
pN1JOdrSY9,tensor(9.8072),tensor(1.4603)
POTMtpYI1xH,tensor(10.7170),tensor(1.6965)
POxF-LEqnF,tensor(10.2370),tensor(1.6099)
PQQp7AJwz3,tensor(10.3646),tensor(1.8181)
PQTW3iG4sC-,tensor(9.3210),tensor(1.1809)
psh0oeMSBiF,tensor(10.3963),tensor(1.7711)
PTRo58zPt3P,tensor(10.0663),tensor(2.1566)
PtSAD3caaA2,tensor(10.5193),tensor(1.7049)
PVJ6j87gOHz,tensor(9.6329),tensor(1.4958)
pWBNOgdeURp,tensor(10.9168),tensor(2.2107)
pz1euXohm4H,tensor(9.9149),tensor(1.6695)
Q42f0dfjECO,tensor(9.7828),tensor(1.7680)
q4HaTeMO--y,tensor(10.4736),tensor(2.2406)
q4tZR1Y-UIs,tensor(9.9058),tensor(1.8467)
Q5uh1Nvv5dm,tensor(10.0881),tensor(1.6315)
Q76Y7wkiji,tensor(9.8307),tensor(1.6692)
q79uMSC6ZBT,tensor(10.8322),tensor(2.2770)
q7n2RngwOM,tensor(10.0591),tensor(1.6582)
Q83vFlie_Pr,tensor(11.9803),tensor(1.7662)
Qaw16njk6L,tensor(10.0888),tensor(1.6342)
qaxhBG1UUaS,tensor(10.3650),tensor(1.4299)
QDdJhACYrlX,tensor(10.0152),tensor(1.6007)
qhAeZjs7dCL,tensor(9.8463),tensor(1.6485)
qhC8mr2LEKq,tensor(10.4341),tensor(1.7719)
qhkFX-HLuHV,tensor(9.8344),tensor(1.8638)
qI4542Y2s1D,tensor(10.8978),tensor(1.8022)
qiMXBIf4NfB,tensor(10.2682),tensor(1.6302)
qjN4h_wwUO,tensor(10.1173),tensor(1.7608)
QjOQkpzKbNk,tensor(9.6705),tensor(1.4627)
QJWVP4CTmW4,tensor(9.8548),tensor(1.4099)
QkRV50TZyP,tensor(9.8246),tensor(1.7142)
qqdXHUGec9h,tensor(9.9231),tensor(1.8501)
qRDQi3ocgR3,tensor(11.4254),tensor(2.2943)
QRX0nCX_gk,tensor(10.4024),tensor(1.7205)
qSV5CuSaK_a,tensor(9.6184),tensor(1.6745)
qsZoGvFiJn1,tensor(10.1712),tensor(1.7515)
QuObT9BTWo,tensor(10.6146),tensor(1.7762)
qwULHx9zld,tensor(10.3989),tensor(1.8244)
qY79G8jGsep,tensor(10.0740),tensor(1.6708)
Qycd9j5Qp9J,tensor(10.3792),tensor(1.9552)
qyTBxTztIpQ,tensor(9.9013),tensor(1.6700)
R332S76RjxS,tensor(9.8870),tensor(1.4245)
r5qumLiYwf9,tensor(10.5805),tensor(1.6911)
R79ZGjHhv6p,tensor(10.0071),tensor(1.2844)
R8sQPpGCv0,tensor(10.2717),tensor(1.6585)
RAW9tCdVxLj,tensor(10.5086),tensor(1.6613)
RCZqv9NXlZ,tensor(9.5329),tensor(1.3730)
RdJVFCHjUMI,tensor(9.8300),tensor(1.5873)
RDlLMjLJXdq,tensor(9.9129),tensor(1.9893)
Rf58LPCwJj0,tensor(9.8621),tensor(1.5156)
rFbR4Fv-D6-,tensor(10.3872),tensor(1.8180)
rFJWoYoxrDB,tensor(10.1599),tensor(2.0781)
RftryyYyjiG,tensor(10.8057),tensor(1.9673)
RhB1AdoFfGE,tensor(10.0698),tensor(1.6373)
rHMaBYbkkRJ,tensor(10.2489),tensor(1.9607)
rhOiUS8KQM9,tensor(9.8603),tensor(1.8435)
rI0LYgGeYaw,tensor(9.3668),tensor(1.1750)
rJvY_5OzoI,tensor(9.7521),tensor(1.7088)
RLtqs6pzj1-,tensor(10.0307),tensor(1.6547)
Ro_zAjZppv,tensor(9.6796),tensor(1.4705)
rpxJc9j04U,tensor(10.4079),tensor(1.9919)
RQ428ZptQfU,tensor(10.7456),tensor(1.8497)
RRGVCN8kjim,tensor(10.8484),tensor(2.1773)
RriDjddCLN,tensor(9.7037),tensor(1.5770)
rrWeE9ZDw_,tensor(11.1608),tensor(1.7367)
rS9-7AuPKWK,tensor(10.2421),tensor(1.6478)
RShaMexjc-x,tensor(10.3034),tensor(1.8674)
rTAclwH46Tb,tensor(10.7516),tensor(2.0575)
Rty5g9imm7H,tensor(11.5153),tensor(nan)
rUwm9wCjURV,tensor(9.9333),tensor(1.4765)
rw1mZl_ss3L,tensor(9.8095),tensor(1.5581)
rwE8SshAlxw,tensor(9.9357),tensor(1.4385)
rWXfFogxRJN,tensor(9.8127),tensor(1.6623)
RXQ-FPbQYVn,tensor(10.4526),tensor(2.2468)
rzvOQrnclO0,tensor(9.8365),tensor(1.3874)
S874XAIpkR-,tensor(10.1659),tensor(1.4219)
sA4qIu3zv6v,tensor(10.2132),tensor(1.8963)
SaKO6z6Hl0c,tensor(10.0018),tensor(1.4366)
shbAgEsk3qM,tensor(9.7328),tensor(1.4282)
SHbhHHfePhP,tensor(10.3905),tensor(1.5550)
SIKV0_MrZlr,tensor(10.7528),tensor(2.1994)
SlxSY2UZQT,tensor(10.0596),tensor(1.6855)
SLz5sZjacp,tensor(10.3721),tensor(1.1877)
sNuFKTMktcY,tensor(10.1411),tensor(1.9422)
So6YAqnqgMj,tensor(10.4803),tensor(1.6255)
sPfB2PI87BZ,tensor(10.9745),tensor(1.7758)
sPIFuucA3F,tensor(10.0354),tensor(1.7486)
Sq0-tgDyHe4,tensor(10.0478),tensor(1.3864)
srtIXtySfT4,tensor(10.9544),tensor(1.7769)
SS8F6tFX3-,tensor(9.9757),tensor(1.6085)
SsHBkfeRF9L,tensor(10.5661),tensor(1.7069)
St-53J9ZARf,tensor(9.9244),tensor(2.0651)
St6eyiTEHnG,tensor(9.9377),tensor(2.1212)
sTNHCrIKDQc,tensor(10.3181),tensor(1.6784)
SwIp410B6aQ,tensor(9.9891),tensor(1.8949)
swiyAeGzFhQ,tensor(10.6045),tensor(1.6833)
swrMQttr6wN,tensor(10.5307),tensor(1.8131)
sX3XaHwotOg,tensor(9.5075),tensor(1.7784)
SYB4WrJql1n,tensor(10.9641),tensor(2.0770)
SYuJXrXq8tw,tensor(10.2663),tensor(1.8084)
T0B9AoM_bFg,tensor(10.1622),tensor(2.0004)
T0GpzBQ1Fg6,tensor(10.1400),tensor(1.6644)
T4-65DNlDij,tensor(10.4635),tensor(1.7384)
t5s-hd1bqLk,tensor(10.2388),tensor(1.5904)
t98k9ePQQpn,tensor(9.8843),tensor(1.7427)
tBIQEvApZK5,tensor(10.3339),tensor(1.6661)
TBpg4PnXhYH,tensor(9.9516),tensor(1.7042)
TBWA6PLJZQm,tensor(10.0673),tensor(1.6442)
Te5ytkqsnl,tensor(10.0264),tensor(1.6692)
tFgdrQbbaa,tensor(10.3211),tensor(1.4314)
TfhfZLQ2EJO,tensor(9.8600),tensor(1.4495)
tgcAoUVHRIB,tensor(10.3357),tensor(1.8565)
To-R742x7se,tensor(10.2045),tensor(1.7764)
TpJMvo0_pu-,tensor(10.3260),tensor(1.5323)
TqNsv1TuCX9,tensor(10.3732),tensor(1.8267)
tT9t_ZctZRL,tensor(9.8503),tensor(1.9994)
tUa4REjGjTf,tensor(9.5476),tensor(1.9100)
tUMr0Iox8XW,tensor(10.6905),tensor(1.8640)
TW7d65uYu5M,tensor(10.4328),tensor(2.0091)
twv2QlJhXzo,tensor(9.5353),tensor(1.4471)
TXsjU8BaibT,tensor(10.0587),tensor(1.7180)
tyrJsbKAe6,tensor(9.9895),tensor(1.5310)
TySnJ-0RdKI,tensor(10.3146),tensor(1.6608)
tyTH9kOxcvh,tensor(10.2508),tensor(1.4839)
TYw3-OlrRm-,tensor(10.3585),tensor(2.2189)
TZeArecH2Nf,tensor(10.4681),tensor(1.6937)
T__V3uLix7V,tensor(11.1516),tensor(1.9776)
U0k7XNTiFEq,tensor(10.0928),tensor(1.9966)
u2GZOiUTbt,tensor(10.0528),tensor(1.4497)
U4uFaLyg7PV,tensor(10.2815),tensor(1.7713)
u6s8dSporO8,tensor(10.4604),tensor(1.2766)
u6TRGdzhfip,tensor(9.9076),tensor(1.8570)
U8pbd00cCWB,tensor(9.7985),tensor(1.1265)
ucASPPD9GKN,tensor(9.8689),tensor(1.6494)
Ucx3DQbC9GH,tensor(9.6615),tensor(1.5901)
UdxJ2fJx7N0,tensor(11.5420),tensor(2.1327)
ufGMqIM0a4b,tensor(10.6275),tensor(2.0130)
Ug-bgjgSlKV,tensor(9.7235),tensor(1.5473)
ULfq0qR25dY,tensor(11.1259),tensor(1.6199)
UMfhoMtIaP5,tensor(10.0815),tensor(2.1992)
upnDJ7itech,tensor(9.6917),tensor(2.0591)
uPv9Y3gmAI5,tensor(10.3488),tensor(1.5574)
uqBOne3LUKy,tensor(9.9773),tensor(1.4717)
USC0-nvGPK,tensor(10.3338),tensor(1.9480)
USIgIY6TNDe,tensor(10.0221),tensor(1.4721)
UtGtoS4CYU,tensor(10.4159),tensor(2.0011)
uVXEKeqJbNa,tensor(9.7742),tensor(1.5424)
uxxFrDwrE7Y,tensor(9.5150),tensor(1.8044)
v-v1cpNNK_v,tensor(10.2143),tensor(1.7989)
V0A5g83gdQ_,tensor(9.5275),tensor(1.5494)
v3aeIsY_vVX,tensor(10.5909),tensor(1.4917)
v6s3HVjPerv,tensor(9.7540),tensor(1.5904)
v8OlxjGn23S,tensor(9.6885),tensor(2.1784)
vaRCHVj0uGI,tensor(10.4675),tensor(1.6178)
VBZJ_3tz-t,tensor(10.2887),tensor(1.8840)
vcUmUvQCloe,tensor(9.4686),tensor(1.6857)
vDwBW49HmO,tensor(9.9577),tensor(1.7636)
Ve0Wth3ptT_,tensor(9.7934),tensor(1.9750)
vEZyTBRPP6o,tensor(10.3714),tensor(1.6595)
VFBjuF8HEp,tensor(10.1043),tensor(1.8344)
vfsRB5MImo9,tensor(10.2961),tensor(1.9685)
VGnOJhd5Q1q,tensor(10.3053),tensor(1.8029)
vgqS1vkkCbE,tensor(9.8194),tensor(1.6276)
vh-0sUt8HlG,tensor(9.9944),tensor(1.9448)
vHVcB-ak3Si,tensor(10.0190),tensor(1.4579)
vIC-xLFuM6,tensor(9.9750),tensor(1.5175)
VimqQq-i_Q,tensor(10.1224),tensor(1.5084)
vJb4I2ANmy,tensor(10.4845),tensor(1.8685)
Vjki79-619-,tensor(11.2273),tensor(1.6692)
vJZ7dPIjip3,tensor(10.1259),tensor(1.5791)
vkaMaq95_rX,tensor(10.4090),tensor(1.8568)
VLgmhQDVBV,tensor(10.2589),tensor(2.1554)
VNqaB1g9393,tensor(10.2787),tensor(1.6704)
Vog_3GXsgmb,tensor(10.9049),tensor(2.0672)
VPjw9KPWRSK,tensor(10.1047),tensor(1.8316)
vqGi8Kp0wM,tensor(9.9951),tensor(1.4103)
VqzXzA9hjaX,tensor(10.2535),tensor(1.6528)
VrjOFfcnSV8,tensor(10.9957),tensor(1.9657)
Vr_BTpw3wz,tensor(10.1239),tensor(1.7630)
Vs5NK44aP9P,tensor(10.7505),tensor(1.8226)
VTNjxbFRKly,tensor(10.5680),tensor(1.8331)
vUH85MOXO7h,tensor(10.2656),tensor(3.1886)
vwLLQ-HwqhZ,tensor(9.9859),tensor(1.7649)
Vzh1BFUCiIX,tensor(9.7614),tensor(1.8559)
w-CPUXXrAj,tensor(nan),tensor(nan)
w01vBAcewNX,tensor(10.1241),tensor(1.5608)
w4cXZDDib1H,tensor(9.9806),tensor(1.6921)
wbPObLm6ueA,tensor(13.0237),tensor(nan)
WE4qe9xlnQw,tensor(10.7839),tensor(1.7181)
WfvgGBcgbE7,tensor(10.5334),tensor(2.0518)
wfZGut6e09,tensor(10.5973),tensor(1.5144)
WH6u2SvlLp4,tensor(10.1374),tensor(1.5386)
WHA8009laxu,tensor(10.2569),tensor(1.7278)
wkMG8cdvh7-,tensor(9.9060),tensor(1.7555)
WLEx3Jo4QaB,tensor(10.1741),tensor(1.9947)
Wm3EA5OlHsG,tensor(9.7212),tensor(1.5848)
wMpS-Z_AI_E,tensor(10.2922),tensor(1.9497)
wogsFPHwftY,tensor(10.2433),tensor(1.5367)
WPI2vbkAl3Q,tensor(10.5534),tensor(1.5022)
WQc075jmBmf,tensor(9.6127),tensor(1.6990)
wqD6TfbYkrn,tensor(10.7892),tensor(2.0485)
WqoBaaPHS-,tensor(10.8873),tensor(1.8726)
wTTjnvGphYj,tensor(10.8125),tensor(1.9064)
WuEiafqdy9H,tensor(10.0484),tensor(1.7278)
WVX0NNVBBkV,tensor(9.6690),tensor(1.8232)
wwDg3bbYBIq,tensor(9.9944),tensor(1.5725)
WxuE_JWxjkW,tensor(10.1717),tensor(1.4160)
WZ3yjh8coDg,tensor(10.2415),tensor(1.9210)
w_drCosT76,tensor(10.6862),tensor(1.7500)
X0nrKAXu7g-,tensor(9.0846),tensor(1.7003)
xa6otUDdP2W,tensor(9.6886),tensor(1.8753)
XctLdNfCmP,tensor(10.4026),tensor(1.6643)
xCVJMsPv3RT,tensor(9.8519),tensor(1.7679)
xENf4QUL4LW,tensor(9.7815),tensor(1.7382)
xFOyMwWPkz,tensor(10.5674),tensor(2.0562)
XGzk5OKWFFc,tensor(10.1564),tensor(1.8384)
XhF2VOMRHS,tensor(10.1219),tensor(1.6564)
XHUxf5aRB3s,tensor(10.2413),tensor(1.7452)
XJiajt89Omg,tensor(10.5233),tensor(2.0728)
xkjqJYqRJy,tensor(10.1061),tensor(1.9136)
xKZ4K0lTj_,tensor(10.1966),tensor(1.8043)
xLfAgCroImw,tensor(10.5381),tensor(2.1625)
XLxhEjKNbXj,tensor(9.7997),tensor(1.5354)
xm6YD62D1Ub,tensor(10.0867),tensor(1.7921)
xMJWUKJnFSw,tensor(9.9547),tensor(1.7978)
xNO7OEIcJc6,tensor(11.2817),tensor(1.7028)
xNOVfCCvDpM,tensor(10.1191),tensor(1.8029)
xnYACQquaGV,tensor(10.3917),tensor(1.9396)
Xo0lbDt975,tensor(9.7174),tensor(1.4001)
XOh5x-vxsrV,tensor(9.7322),tensor(1.6970)
xP3cPq2hQC,tensor(10.4583),tensor(1.6693)
xQUe1pOKPam,tensor(10.2465),tensor(1.8209)
xS8AMYiEav3,tensor(11.4134),tensor(2.1676)
XVPqLyNxSyh,tensor(10.7750),tensor(1.6938)
xy_2w3J3kH,tensor(9.6810),tensor(1.5928)
xZ6H7wydGl,tensor(8.7483),tensor(1.4606)
y0VvIg25yk,tensor(10.8764),tensor(1.8191)
y1PXylgrXZ,tensor(9.7848),tensor(1.7094)
ydopy-e6Dg,tensor(9.8972),tensor(1.7088)
YeShU5mLfLt,tensor(9.3775),tensor(2.0350)
YevsQ05DEN7,tensor(10.5606),tensor(1.8680)
yfe1VMYAXa4,tensor(9.7228),tensor(1.6343)
YgPqNctmyd,tensor(10.1626),tensor(1.7036)
yhCp5RcZD7,tensor(10.8345),tensor(1.9229)
YiBa9HKTyXE,tensor(9.9204),tensor(2.2127)
YigKlMJwjye,tensor(10.4585),tensor(1.9660)
yjMQuLLcGWK,tensor(9.9988),tensor(1.3584)
YpPiNigTzMT,tensor(10.3126),tensor(2.1754)
YpSxqy_RE84,tensor(10.2977),tensor(1.9714)
YRq0ZUnzKoZ,tensor(10.1154),tensor(1.8455)
ySQH0oDyp7,tensor(9.6897),tensor(1.4449)
YVPBh4k78iZ,tensor(10.4527),tensor(1.5798)
YX0lrvdPQc,tensor(9.3092),tensor(1.5428)
y_op4lLLaWL,tensor(10.0365),tensor(1.3036)
Z1Qlm11uOM,tensor(10.1211),tensor(1.3745)
Z8FzvVU6_Kj,tensor(10.2984),tensor(1.5268)
ZaVVVlcdaN,tensor(10.4430),tensor(1.7865)
ZBESeIUB5k,tensor(10.3196),tensor(1.7402)
zBOI9LFpESK,tensor(9.9665),tensor(1.7216)
ZDaSIkWT-AP,tensor(10.3825),tensor(2.1061)
Zf4ZdI4OQPV,tensor(9.7234),tensor(1.4251)
zf_Ll3HZWgy,tensor(10.8337),tensor(0.9485)
ziRLU3Y2PN_,tensor(10.4919),tensor(1.5028)
ZKy2X3dgPA,tensor(9.6607),tensor(1.5659)
zNR43c03lRy,tensor(9.8207),tensor(1.7040)
ZOcX-eybqoL,tensor(10.5883),tensor(1.9343)
zq1iJkNk3uN,tensor(9.4195),tensor(1.6949)
Zq2G_VTV53T,tensor(10.6627),tensor(1.9075)
Zr5W2LSRhD,tensor(10.1279),tensor(1.8163)
zRJu6mU2BaE,tensor(9.8174),tensor(1.6531)
zrW-LVXj2k1,tensor(10.9664),tensor(1.7862)
ZSKRQMvttc,tensor(10.5251),tensor(1.7774)
ZTsoE8G3GG,tensor(10.4340),tensor(1.8487)
ZU-zFnTum1N,tensor(9.8573),tensor(1.7646)
zuqcmNVK4c2,tensor(10.9012),tensor(1.9827)
zzk231Ms1Ih,tensor(10.6606),tensor(1.9274)
_4GFbtOuWq-,tensor(10.9250),tensor(1.6774)
_5js_8uTrx1,tensor(10.2319),tensor(1.9113)
_BNiN4IjC5,tensor(9.8225),tensor(1.5638)
_F9xpOrqyX9,tensor(9.6478),tensor(1.4893)
_hszZbt46bT,tensor(9.9412),tensor(1.9466)
_jMtny3sMKU,tensor(10.1146),tensor(1.8300)
_l_QjPGN5ye,tensor(10.0908),tensor(1.6547)
_PHymLIxuI,tensor(9.7834),tensor(1.7168)
_QLmakITKg,tensor(10.4862),tensor(2.0677)
_SJ-_yyes8,tensor(10.0358),tensor(1.7982)
_uCb2ynRu7Y,tensor(10.5972),tensor(1.6916)
_Wzj0J2xs2D,tensor(10.5690),tensor(1.6027)
_X90SIKbHa,tensor(10.9727),tensor(1.9836)
_XNtisL32jv,tensor(10.1487),tensor(1.7887)
